state,state_name,category,label,date,start_date,end_date,time,source_text,note,source,source_url
AL,Alabama,Election,"Alabama Congressional, State, Gubernatorial and Judicial General Election",2026-11-03,,,,,,U.S. Vote Foundation,https://www.usvotefoundation.org/alabama-election-dates-and-deadlines
AL,Alabama,Voter registration,Received by,2026-10-19,,,,"Mon Oct 19, 2026",,U.S. Vote Foundation,https://www.usvotefoundation.org/alabama-election-dates-and-deadlines
AL,Alabama,Mail ballot request,Post Received by,2026-10-27,,,,"Tue Oct 27, 2026",,U.S. Vote Foundation,https://www.usvotefoundation.org/alabama-election-dates-and-deadlines
AL,Alabama,Mail ballot request,"In-Person, Received by",2026-10-29,,,,"Thu Oct 29, 2026",,U.S. Vote Foundation,https://www.usvotefoundation.org/alabama-election-dates-and-deadlines
AL,Alabama,Mail ballot return,Hand Delivered by,2026-11-02,,,5:00PM,"Mon Nov 2, 2026 5:00PM",,U.S. Vote Foundation,https://www.usvotefoundation.org/alabama-election-dates-and-deadlines
AL,Alabama,Mail ballot return,Post Received by,2026-11-03,,,12:00PM,"Tue Nov 3, 2026 12:00PM",,U.S. Vote Foundation,https://www.usvotefoundation.org/alabama-election-dates-and-deadlines
AL,Alabama,Early voting,,,,,,None on Record,,U.S. Vote Foundation,https://www.usvotefoundation.org/alabama-election-dates-and-deadlines
AL,Alabama,State note,,,,,,,There is no Early Voting or In-Person Absentee Voting in Alabama.,U.S. Vote Foundation,https://www.usvotefoundation.org/alabama-election-dates-and-deadlines
AL,Alabama,Voter registration by method,Online,2026-10-19,,,,,,VOTE411,https://www.vote411.org/alabama
AL,Alabama,Voter registration by method,By mail (postmarked),2026-10-19,,,,,,VOTE411,https://www.vote411.org/alabama
AL,Alabama,Voter registration by method,In person,2026-10-19,,,,,,VOTE411,https://www.vote411.org/alabama
AK,Alaska,Election,"Alaska Congressional, State and Gubernatorial General Election",2026-11-03,,,,,,U.S. Vote Foundation,https://www.usvotefoundation.org/alaska-election-dates-and-deadlines
AK,Alaska,Voter registration,Email or Fax by,2026-10-04,,,,"Sun Oct 4, 2026",,U.S. Vote Foundation,https://www.usvotefoundation.org/alaska-election-dates-and-deadlines
AK,Alaska,Voter registration,"In-Person, Received by",2026-10-04,,,,"Sun Oct 4, 2026",,U.S. Vote Foundation,https://www.usvotefoundation.org/alaska-election-dates-and-deadlines
AK,Alaska,Voter registration,Online by,2026-10-04,,,,"Sun Oct 4, 2026",,U.S. Vote Foundation,https://www.usvotefoundation.org/alaska-election-dates-and-deadlines
AK,Alaska,Voter registration,Postmarked by,2026-10-04,,,,"Sun Oct 4, 2026",,U.S. Vote Foundation,https://www.usvotefoundation.org/alaska-election-dates-and-deadlines
AK,Alaska,Mail ballot request,Request to Receive Blank Ballot by Mail Received by,2026-10-24,,,,"Sat Oct 24, 2026",,U.S. Vote Foundation,https://www.usvotefoundation.org/alaska-election-dates-and-deadlines
AK,Alaska,Mail ballot request,Request for Online or Fax Ballot,2026-11-02,,,5:00PM,"by Mon Nov 2, 2026 5:00PM",,U.S. Vote Foundation,https://www.usvotefoundation.org/alaska-election-dates-and-deadlines
AK,Alaska,Mail ballot return,Fax by,2026-11-03,,,,"Tue Nov 3, 2026",,U.S. Vote Foundation,https://www.usvotefoundation.org/alaska-election-dates-and-deadlines
AK,Alaska,Mail ballot return,Postmarked On or Before Election Day and Received by,2026-11-13,,,,"Fri Nov 13, 2026","The ""Post received by"" date may differ for your municipality for local elections.",U.S. Vote Foundation,https://www.usvotefoundation.org/alaska-election-dates-and-deadlines
AK,Alaska,Early voting,In-person Absentee Voting,,2026-10-19,2026-11-03,,"From Mon Oct 19, 2026 to Tue Nov 3, 2026",,U.S. Vote Foundation,https://www.usvotefoundation.org/alaska-election-dates-and-deadlines
AK,Alaska,Early voting,Early Voting,,2026-10-19,2026-11-02,,"From Mon Oct 19, 2026 to Mon Nov 2, 2026",,U.S. Vote Foundation,https://www.usvotefoundation.org/alaska-election-dates-and-deadlines
AK,Alaska,Voter registration by method,Online,2026-10-04,,,,,,VOTE411,https://www.vote411.org/alaska
AK,Alaska,Voter registration by method,By mail (postmarked),2026-10-04,,,,,,VOTE411,https://www.vote411.org/alaska
AK,Alaska,Voter registration by method,In person,2026-10-04,,,,,,VOTE411,https://www.vote411.org/alaska
AZ,Arizona,Election,"Arizona Congressional, State and Gubernatorial General Election",2026-11-03,,,,,,U.S. Vote Foundation,https://www.usvotefoundation.org/arizona-election-dates-and-deadlines
AZ,Arizona,Voter registration,Received by,2026-10-05,,,,"Mon Oct 5, 2026",,U.S. Vote Foundation,https://www.usvotefoundation.org/arizona-election-dates-and-deadlines
AZ,Arizona,Voter registration,US-based Military by,2026-10-30,,,5:00PM,"Fri Oct 30, 2026 5:00PM",Previous overseas voter who has been discharged or separated from that service or employment in the 90 days before Election Day.,U.S. Vote Foundation,https://www.usvotefoundation.org/arizona-election-dates-and-deadlines
AZ,Arizona,Mail ballot request,Received by,2026-10-23,,,5:00PM,"Fri Oct 23, 2026 5:00PM",,U.S. Vote Foundation,https://www.usvotefoundation.org/arizona-election-dates-and-deadlines
AZ,Arizona,Mail ballot request,Emergency Ballot Period,,2026-10-30,2026-11-02,,"From Fri Oct 30, 2026 to Mon Nov 2, 2026",Voters experiencing an emergency that would prevent them from voting at the polls may request an emergency ballot. Contact your Local Election Office for details.,U.S. Vote Foundation,https://www.usvotefoundation.org/arizona-election-dates-and-deadlines
AZ,Arizona,Mail ballot return,Received by,2026-11-03,,,7:00PM,"Tue Nov 3, 2026 7:00PM",,U.S. Vote Foundation,https://www.usvotefoundation.org/arizona-election-dates-and-deadlines
AZ,Arizona,Early voting,In-person Absentee Voting,,2026-10-07,2026-10-30,,"From Wed Oct 7, 2026 to Fri Oct 30, 2026",,U.S. Vote Foundation,https://www.usvotefoundation.org/arizona-election-dates-and-deadlines
AZ,Arizona,Voter registration by method,Online,2026-10-05,,,,,,VOTE411,https://www.vote411.org/arizona
AZ,Arizona,Voter registration by method,By mail (postmarked),2026-10-05,,,,,,VOTE411,https://www.vote411.org/arizona
AZ,Arizona,Voter registration by method,In person,2026-10-05,,,,,,VOTE411,https://www.vote411.org/arizona
AR,Arkansas,Election,"Arkansas Congressional, State and Gubernatorial General Election",2026-11-03,,,,,,U.S. Vote Foundation,https://www.usvotefoundation.org/arkansas-election-dates-and-deadlines
AR,Arkansas,Voter registration,,2026-10-05,,,,"Mon Oct 5, 2026",,U.S. Vote Foundation,https://www.usvotefoundation.org/arkansas-election-dates-and-deadlines
AR,Arkansas,Mail ballot request,Email or Fax by,2026-10-27,,,,"Tue Oct 27, 2026",,U.S. Vote Foundation,https://www.usvotefoundation.org/arkansas-election-dates-and-deadlines
AR,Arkansas,Mail ballot request,Post Received by,2026-10-27,,,,"Tue Oct 27, 2026",,U.S. Vote Foundation,https://www.usvotefoundation.org/arkansas-election-dates-and-deadlines
AR,Arkansas,Mail ballot request,"In-Person, Received by",2026-10-30,,,,"Fri Oct 30, 2026",,U.S. Vote Foundation,https://www.usvotefoundation.org/arkansas-election-dates-and-deadlines
AR,Arkansas,Mail ballot return,"In-Person, Received by",2026-10-30,,,,"Fri Oct 30, 2026",,U.S. Vote Foundation,https://www.usvotefoundation.org/arkansas-election-dates-and-deadlines
AR,Arkansas,Mail ballot return,Post Received by,2026-11-03,,,7:30PM,"Tue Nov 3, 2026 7:30PM",,U.S. Vote Foundation,https://www.usvotefoundation.org/arkansas-election-dates-and-deadlines
AR,Arkansas,Early voting,Early Voting,,2026-10-19,2026-11-02,,"From Mon Oct 19, 2026 to Mon Nov 2, 2026",,U.S. Vote Foundation,https://www.usvotefoundation.org/arkansas-election-dates-and-deadlines
AR,Arkansas,Voter registration by method,By mail (postmarked),2026-10-05,,,,,,VOTE411,https://www.vote411.org/arkansas
AR,Arkansas,Voter registration by method,In person,2026-10-05,,,,,,VOTE411,https://www.vote411.org/arkansas
CA,California,Election,"California Congressional, State and Gubernatorial General Election",2026-11-03,,,,,,U.S. Vote Foundation,https://www.usvotefoundation.org/california-election-dates-and-deadlines
CA,California,Voter registration,Received by,2026-10-19,,,,"Mon Oct 19, 2026",,U.S. Vote Foundation,https://www.usvotefoundation.org/california-election-dates-and-deadlines
CA,California,Voter registration,Same Day Registration & Voting,,2026-10-05,2026-11-03,,"From Mon Oct 5, 2026 to Tue Nov 3, 2026","From Oct 20 to Nov 3, Voters may ""conditionally register"" and vote a provisional ballot.",U.S. Vote Foundation,https://www.usvotefoundation.org/california-election-dates-and-deadlines
CA,California,Mail ballot request,,2026-10-27,,,,"Tue Oct 27, 2026",,U.S. Vote Foundation,https://www.usvotefoundation.org/california-election-dates-and-deadlines
CA,California,Mail ballot request,In-person for Military or Overseas Voters Recalled to Service by,2026-11-02,,,5:00PM,"Mon Nov 2, 2026 5:00PM",A registered military or overseas voter recalled to service within 7 days prior to Election Day may obtain a ballot from the county elections office where they are registered or where they are recalled to service (if in California).,U.S. Vote Foundation,https://www.usvotefoundation.org/california-election-dates-and-deadlines
CA,California,Mail ballot return,Received by,2026-11-03,,,8:00PM,"Tue Nov 3, 2026 8:00PM",,U.S. Vote Foundation,https://www.usvotefoundation.org/california-election-dates-and-deadlines
CA,California,Mail ballot return,Postmarked On or Before Election Day and Received by,2026-11-10,,,,"Tue Nov 10, 2026",,U.S. Vote Foundation,https://www.usvotefoundation.org/california-election-dates-and-deadlines
CA,California,Early voting,Early Voting,,2026-10-24,2026-11-02,,"From Sat Oct 24, 2026 to Mon Nov 2, 2026",Contact your local election office for early voting locations.,U.S. Vote Foundation,https://www.usvotefoundation.org/california-election-dates-and-deadlines
CA,California,Early voting,In-person Absentee Voting,,2026-10-05,2026-11-03,,"From Mon Oct 5, 2026 to Tue Nov 3, 2026",,U.S. Vote Foundation,https://www.usvotefoundation.org/california-election-dates-and-deadlines
CA,California,Voter registration by method,Online,2026-10-19,,,,,,VOTE411,https://www.vote411.org/california
CA,California,Voter registration by method,By mail (postmarked),2026-10-19,,,,,,VOTE411,https://www.vote411.org/california
CA,California,Voter registration by method,In person,2026-11-03,,,,,,VOTE411,https://www.vote411.org/california
CO,Colorado,Election,"Colorado Congressional, State and Gubernatorial General Election",2026-11-03,,,,,,U.S. Vote Foundation,https://www.usvotefoundation.org/colorado-election-dates-and-deadlines
CO,Colorado,Voter registration,At Registration Drive by,2026-10-13,,,,"Tue Oct 13, 2026",,U.S. Vote Foundation,https://www.usvotefoundation.org/colorado-election-dates-and-deadlines
CO,Colorado,Voter registration,Online by,2026-10-26,,,,"Mon Oct 26, 2026","In order to receive a ballot by mail, voter registration must be submitted by Oct 26th. Voters registered after this period must vote in person.",U.S. Vote Foundation,https://www.usvotefoundation.org/colorado-election-dates-and-deadlines
CO,Colorado,Voter registration,Submitted by,2026-10-26,,,,"Mon Oct 26, 2026","In order to receive a ballot by mail, voter registration must be submitted by Oct 26th. Voters registered after this period must vote in person.",U.S. Vote Foundation,https://www.usvotefoundation.org/colorado-election-dates-and-deadlines
CO,Colorado,Voter registration,Election Day Registration & Voting,2026-11-03,,,,"Tue Nov 3, 2026",,U.S. Vote Foundation,https://www.usvotefoundation.org/colorado-election-dates-and-deadlines
CO,Colorado,Voter registration,"In-Person, Received by",2026-11-03,,,,"Tue Nov 3, 2026",,U.S. Vote Foundation,https://www.usvotefoundation.org/colorado-election-dates-and-deadlines
CO,Colorado,Mail ballot request,,,,,,Not Necessary: All Elections in this State are Vote-by-Mail,"Every voter receives a mail ballot. The ballot will be sent to the mailing address you provided for your voter registration file. You must have submitted for voter registration by Oct 26, to received a ballot by mail for this election.",U.S. Vote Foundation,https://www.usvotefoundation.org/colorado-election-dates-and-deadlines
CO,Colorado,Mail ballot return,Received by,2026-11-03,,,7:00PM,"Tue Nov 3, 2026 7:00PM",,U.S. Vote Foundation,https://www.usvotefoundation.org/colorado-election-dates-and-deadlines
CO,Colorado,Early voting,Early Voting,,2026-10-19,2026-11-02,,"From Mon Oct 19, 2026 to Mon Nov 2, 2026",,U.S. Vote Foundation,https://www.usvotefoundation.org/colorado-election-dates-and-deadlines
CO,Colorado,Voter registration by method,Online,2026-10-26,,,,,,VOTE411,https://www.vote411.org/colorado
CO,Colorado,Voter registration by method,By mail (postmarked),2026-10-26,,,,,,VOTE411,https://www.vote411.org/colorado
CO,Colorado,Voter registration by method,In person,2026-11-03,,,,,,VOTE411,https://www.vote411.org/colorado
CT,Connecticut,Election,"Connecticut Congressional, State and Gubernatorial General Election",2026-11-03,,,,,,U.S. Vote Foundation,https://www.usvotefoundation.org/connecticut-election-dates-and-deadlines
CT,Connecticut,Voter registration,Received by,2026-10-16,,,,"Fri Oct 16, 2026",,U.S. Vote Foundation,https://www.usvotefoundation.org/connecticut-election-dates-and-deadlines
CT,Connecticut,Voter registration,"In-Person, Received by",2026-11-02,,,12:00PM,"Mon Nov 2, 2026 12:00PM",,U.S. Vote Foundation,https://www.usvotefoundation.org/connecticut-election-dates-and-deadlines
CT,Connecticut,Voter registration,Same Day Registration & Voting,,2026-10-19,2026-11-01,,"From Mon Oct 19, 2026 to Sun Nov 1, 2026",,U.S. Vote Foundation,https://www.usvotefoundation.org/connecticut-election-dates-and-deadlines
CT,Connecticut,Mail ballot request,Submitted by,2026-11-02,,,,"Mon Nov 2, 2026",,U.S. Vote Foundation,https://www.usvotefoundation.org/connecticut-election-dates-and-deadlines
CT,Connecticut,Mail ballot request,Emergency Ballot Period,,2026-10-28,2026-11-03,,"From Wed Oct 28, 2026 to Tue Nov 3, 2026",,U.S. Vote Foundation,https://www.usvotefoundation.org/connecticut-election-dates-and-deadlines
CT,Connecticut,Mail ballot return,"In-Person, Received by",2026-11-02,,,,"Mon Nov 2, 2026",,U.S. Vote Foundation,https://www.usvotefoundation.org/connecticut-election-dates-and-deadlines
CT,Connecticut,Mail ballot return,Post Received by,2026-11-03,,,8:00PM,"Tue Nov 3, 2026 8:00PM",,U.S. Vote Foundation,https://www.usvotefoundation.org/connecticut-election-dates-and-deadlines
CT,Connecticut,Mail ballot return,Received in Dropbox by,2026-11-03,,,8:00PM,"Tue Nov 3, 2026 8:00PM",,U.S. Vote Foundation,https://www.usvotefoundation.org/connecticut-election-dates-and-deadlines
CT,Connecticut,Early voting,Early Voting,,2026-10-19,2026-11-01,,"From Mon Oct 19, 2026 to Sun Nov 1, 2026",,U.S. Vote Foundation,https://www.usvotefoundation.org/connecticut-election-dates-and-deadlines
CT,Connecticut,Voter registration by method,Online,2026-10-16,,,,,,VOTE411,https://www.vote411.org/connecticut
CT,Connecticut,Voter registration by method,By mail (postmarked),2026-10-16,,,,,,VOTE411,https://www.vote411.org/connecticut
CT,Connecticut,Voter registration by method,In person,2026-11-03,,,,,,VOTE411,https://www.vote411.org/connecticut
DE,Delaware,Election,Delaware Congressional and State General Election,2026-11-03,,,,,,U.S. Vote Foundation,https://www.usvotefoundation.org/delaware-election-dates-and-deadlines
DE,Delaware,Voter registration,Received by,2026-10-10,,,,"Sat Oct 10, 2026",,U.S. Vote Foundation,https://www.usvotefoundation.org/delaware-election-dates-and-deadlines
DE,Delaware,Mail ballot request,Request for Postal Ballot by,2026-10-30,,,12:00PM,"Fri Oct 30, 2026 12:00PM",,U.S. Vote Foundation,https://www.usvotefoundation.org/delaware-election-dates-and-deadlines
DE,Delaware,Mail ballot request,In-Person Request by,2026-11-02,,,12:00PM,"Mon Nov 2, 2026 12:00PM",,U.S. Vote Foundation,https://www.usvotefoundation.org/delaware-election-dates-and-deadlines
DE,Delaware,Mail ballot request,"Request for Email, Online or Fax Ballot by",2026-11-02,,,12:00PM,"Mon Nov 2, 2026 12:00PM",,U.S. Vote Foundation,https://www.usvotefoundation.org/delaware-election-dates-and-deadlines
DE,Delaware,Mail ballot return,Received by,2026-11-03,,,8:00PM,"Tue Nov 3, 2026 8:00PM",,U.S. Vote Foundation,https://www.usvotefoundation.org/delaware-election-dates-and-deadlines
DE,Delaware,Early voting,Early Voting,,2026-10-22,2026-11-01,,"From Thu Oct 22, 2026 to Sun Nov 1, 2026","Check Delaware Department of Elections for locations, dates and times of early voting sites in your county.",U.S. Vote Foundation,https://www.usvotefoundation.org/delaware-election-dates-and-deadlines
DE,Delaware,Voter registration by method,Online,2026-10-10,,,,,,VOTE411,https://www.vote411.org/delaware
DE,Delaware,Voter registration by method,By mail (postmarked),2026-10-10,,,,,,VOTE411,https://www.vote411.org/delaware
DE,Delaware,Voter registration by method,In person,2026-10-10,,,,,,VOTE411,https://www.vote411.org/delaware
DC,District of Columbia,Election,District of Columbia Congressional General Election,2026-11-03,,,,,,U.S. Vote Foundation,https://www.usvotefoundation.org/district-of-columbia-election-dates-and-deadlines
DC,District of Columbia,Voter registration,Email or Online by,2026-10-13,,,,"Tue Oct 13, 2026",,U.S. Vote Foundation,https://www.usvotefoundation.org/district-of-columbia-election-dates-and-deadlines
DC,District of Columbia,Voter registration,Post Received by,2026-10-13,,,,"Tue Oct 13, 2026",,U.S. Vote Foundation,https://www.usvotefoundation.org/district-of-columbia-election-dates-and-deadlines
DC,District of Columbia,Voter registration,In-Person Request by,2026-10-23,,,,"Fri Oct 23, 2026",Register in-person at the Board of Elections or another voter registration agency.,U.S. Vote Foundation,https://www.usvotefoundation.org/district-of-columbia-election-dates-and-deadlines
DC,District of Columbia,Voter registration,Election Day Registration & Voting,2026-11-03,,,,"Tue Nov 3, 2026",,U.S. Vote Foundation,https://www.usvotefoundation.org/district-of-columbia-election-dates-and-deadlines
DC,District of Columbia,Voter registration,Same Day Registration & Voting,,2026-10-26,2026-11-01,,"From Mon Oct 26, 2026 to Sun Nov 1, 2026",,U.S. Vote Foundation,https://www.usvotefoundation.org/district-of-columbia-election-dates-and-deadlines
DC,District of Columbia,Mail ballot request,Received by,2026-10-19,,,,"Mon Oct 19, 2026",,U.S. Vote Foundation,https://www.usvotefoundation.org/district-of-columbia-election-dates-and-deadlines
DC,District of Columbia,Mail ballot return,Received by,2026-11-03,,,8:00PM,"Tue Nov 3, 2026 8:00PM",,U.S. Vote Foundation,https://www.usvotefoundation.org/district-of-columbia-election-dates-and-deadlines
DC,District of Columbia,Mail ballot return,Postmarked On or Before Election Day and Received by,2026-11-13,,,,"Fri Nov 13, 2026",,U.S. Vote Foundation,https://www.usvotefoundation.org/district-of-columbia-election-dates-and-deadlines
DC,District of Columbia,Early voting,Early Voting,,2026-10-26,2026-11-01,,"From Mon Oct 26, 2026 to Sun Nov 1, 2026",,U.S. Vote Foundation,https://www.usvotefoundation.org/district-of-columbia-election-dates-and-deadlines
DC,District of Columbia,Voter registration by method,Online,2026-10-13,,,,,,VOTE411,https://www.vote411.org/district-of-columbia
DC,District of Columbia,Voter registration by method,By mail (received),2026-10-13,,,,,,VOTE411,https://www.vote411.org/district-of-columbia
DC,District of Columbia,Voter registration by method,In person,2026-11-03,,,,,,VOTE411,https://www.vote411.org/district-of-columbia
FL,Florida,Election,"Florida Congressional, State and Gubernatorial General Election",2026-11-03,,,,,,U.S. Vote Foundation,https://www.usvotefoundation.org/florida-election-dates-and-deadlines
FL,Florida,Voter registration,,2026-10-05,,,,"Mon Oct 5, 2026",,U.S. Vote Foundation,https://www.usvotefoundation.org/florida-election-dates-and-deadlines
FL,Florida,Mail ballot request,,2026-10-22,,,5:00PM,"Thu Oct 22, 2026 5:00PM",,U.S. Vote Foundation,https://www.usvotefoundation.org/florida-election-dates-and-deadlines
FL,Florida,Mail ballot return,,2026-11-03,,,7:00PM,"Tue Nov 3, 2026 7:00PM",,U.S. Vote Foundation,https://www.usvotefoundation.org/florida-election-dates-and-deadlines
FL,Florida,Early voting,Early Voting,,2026-10-24,2026-10-31,,"From Sat Oct 24, 2026 to Sat Oct 31, 2026",Early Voting in your county may start earlier. Contact your County Supervisor of Elections for Early Voting dates specific to your county.,U.S. Vote Foundation,https://www.usvotefoundation.org/florida-election-dates-and-deadlines
FL,Florida,Voter registration by method,Online,2026-10-05,,,,,,VOTE411,https://www.vote411.org/florida
FL,Florida,Voter registration by method,By mail (postmarked),2026-10-05,,,,,,VOTE411,https://www.vote411.org/florida
FL,Florida,Voter registration by method,In person,2026-10-05,,,,,,VOTE411,https://www.vote411.org/florida
GA,Georgia,Election,"Georgia Congressional, State and Gubernatorial General Election",2026-11-03,,,,,,U.S. Vote Foundation,https://www.usvotefoundation.org/georgia-election-dates-and-deadlines
GA,Georgia,Voter registration,Postmarked by,2026-10-05,,,,"Mon Oct 5, 2026",,U.S. Vote Foundation,https://www.usvotefoundation.org/georgia-election-dates-and-deadlines
GA,Georgia,Voter registration,Submitted by,2026-10-05,,,,"Mon Oct 5, 2026",,U.S. Vote Foundation,https://www.usvotefoundation.org/georgia-election-dates-and-deadlines
GA,Georgia,Mail ballot request,Received by,2026-10-23,,,,"Fri Oct 23, 2026",,U.S. Vote Foundation,https://www.usvotefoundation.org/georgia-election-dates-and-deadlines
GA,Georgia,Mail ballot return,Received by,2026-11-03,,,7:00PM,"Tue Nov 3, 2026 7:00PM",,U.S. Vote Foundation,https://www.usvotefoundation.org/georgia-election-dates-and-deadlines
GA,Georgia,Early voting,Early Voting,,2026-10-13,2026-10-30,,"From Tue Oct 13, 2026 to Fri Oct 30, 2026",,U.S. Vote Foundation,https://www.usvotefoundation.org/georgia-election-dates-and-deadlines
GA,Georgia,Voter registration by method,Online,2026-10-05,,,,,,VOTE411,https://www.vote411.org/georgia
GA,Georgia,Voter registration by method,By mail (postmarked),2026-10-05,,,,,,VOTE411,https://www.vote411.org/georgia
GA,Georgia,Voter registration by method,In person,2026-10-05,,,,,,VOTE411,https://www.vote411.org/georgia
HI,Hawaii,Election,"Hawaii Congressional, State and Gubernatorial General Election",2026-11-03,,,,,,U.S. Vote Foundation,https://www.usvotefoundation.org/hawaii-election-dates-and-deadlines
HI,Hawaii,Voter registration,Same Day Registration & Voting,,2026-10-20,2026-11-03,,"From Tue Oct 20, 2026 to Tue Nov 3, 2026",Vote centers open during business days.,U.S. Vote Foundation,https://www.usvotefoundation.org/hawaii-election-dates-and-deadlines
HI,Hawaii,Voter registration,Postmarked by,2026-10-26,,,,"Mon Oct 26, 2026",,U.S. Vote Foundation,https://www.usvotefoundation.org/hawaii-election-dates-and-deadlines
HI,Hawaii,Voter registration,Online by,2026-11-03,,,,"Tue Nov 3, 2026",,U.S. Vote Foundation,https://www.usvotefoundation.org/hawaii-election-dates-and-deadlines
HI,Hawaii,Mail ballot request,,2026-10-27,,,4:30PM,"Tue Oct 27, 2026 4:30PM",,U.S. Vote Foundation,https://www.usvotefoundation.org/hawaii-election-dates-and-deadlines
HI,Hawaii,Mail ballot return,Received by,2026-11-03,,,7:00PM,"Tue Nov 3, 2026 7:00PM",,U.S. Vote Foundation,https://www.usvotefoundation.org/hawaii-election-dates-and-deadlines
HI,Hawaii,Early voting,Early Voting,,2026-10-20,2026-11-03,,"From Tue Oct 20, 2026 to Tue Nov 3, 2026",Vote centers open during business days.,U.S. Vote Foundation,https://www.usvotefoundation.org/hawaii-election-dates-and-deadlines
HI,Hawaii,Voter registration by method,Online,2026-11-03,,,,,,VOTE411,https://www.vote411.org/hawaii
HI,Hawaii,Voter registration by method,By mail (postmarked),2026-10-26,,,,,,VOTE411,https://www.vote411.org/hawaii
HI,Hawaii,Voter registration by method,In person,2026-11-03,,,,,,VOTE411,https://www.vote411.org/hawaii
ID,Idaho,Election,"Idaho Congressional, State and Gubernatorial General Election",2026-11-03,,,,,,U.S. Vote Foundation,https://www.usvotefoundation.org/idaho-election-dates-and-deadlines
ID,Idaho,Voter registration,In the Election Office by,2026-10-23,,,,"Fri Oct 23, 2026",,U.S. Vote Foundation,https://www.usvotefoundation.org/idaho-election-dates-and-deadlines
ID,Idaho,Voter registration,Online by,2026-10-23,,,,"Fri Oct 23, 2026",,U.S. Vote Foundation,https://www.usvotefoundation.org/idaho-election-dates-and-deadlines
ID,Idaho,Voter registration,Post Received by,2026-10-23,,,,"Fri Oct 23, 2026",,U.S. Vote Foundation,https://www.usvotefoundation.org/idaho-election-dates-and-deadlines
ID,Idaho,Voter registration,Election Day Registration & Voting,2026-11-03,,,,"Tue Nov 3, 2026",,U.S. Vote Foundation,https://www.usvotefoundation.org/idaho-election-dates-and-deadlines
ID,Idaho,Mail ballot request,Request for Postal Ballot by,2026-10-23,,,5:00PM,"Fri Oct 23, 2026 5:00PM",,U.S. Vote Foundation,https://www.usvotefoundation.org/idaho-election-dates-and-deadlines
ID,Idaho,Mail ballot request,Emergency Ballot Period,,2026-10-29,2026-11-02,,"From Thu Oct 29, 2026 to Mon Nov 2, 2026",Voters who are physically unable to vote in person on Election Day because of an emergency hospitalization may request an emergency ballot. Contact your Local Election Office for more details.,U.S. Vote Foundation,https://www.usvotefoundation.org/idaho-election-dates-and-deadlines
ID,Idaho,Mail ballot return,Received by,2026-11-03,,,8:00PM,"Tue Nov 3, 2026 8:00PM",,U.S. Vote Foundation,https://www.usvotefoundation.org/idaho-election-dates-and-deadlines
ID,Idaho,Early voting,Early Voting,,2026-10-13,2026-10-30,,"From Tue Oct 13, 2026 to Fri Oct 30, 2026",Early Voting varies by county. Contact your local election office to confirm.,U.S. Vote Foundation,https://www.usvotefoundation.org/idaho-election-dates-and-deadlines
ID,Idaho,Early voting,In-person Absentee Voting,,2026-10-13,2026-10-30,,"From Tue Oct 13, 2026 to Fri Oct 30, 2026",In-Person Absentee Voting varies by county. The start date may be earlier. Contact your local election office to confirm dates and locations.,U.S. Vote Foundation,https://www.usvotefoundation.org/idaho-election-dates-and-deadlines
ID,Idaho,Voter registration by method,Online,2026-10-23,,,,,,VOTE411,https://www.vote411.org/idaho
ID,Idaho,Voter registration by method,By mail (postmarked),2026-10-23,,,,,,VOTE411,https://www.vote411.org/idaho
ID,Idaho,Voter registration by method,In person,2026-11-03,,,,,,VOTE411,https://www.vote411.org/idaho
IL,Illinois,Election,"Illinois Congressional, State, Gubernatorial and Judicial General Election",2026-11-03,,,,,,U.S. Vote Foundation,https://www.usvotefoundation.org/illinois-election-dates-and-deadlines
IL,Illinois,Voter registration,In-Person Request by,2026-10-06,,,,"Tue Oct 6, 2026",,U.S. Vote Foundation,https://www.usvotefoundation.org/illinois-election-dates-and-deadlines
IL,Illinois,Voter registration,Postmarked by,2026-10-06,,,,"Tue Oct 6, 2026",,U.S. Vote Foundation,https://www.usvotefoundation.org/illinois-election-dates-and-deadlines
IL,Illinois,Voter registration,At DMV and other State Agencies by,2026-10-18,,,,"Sun Oct 18, 2026",,U.S. Vote Foundation,https://www.usvotefoundation.org/illinois-election-dates-and-deadlines
IL,Illinois,Voter registration,Online by,2026-10-18,,,,"Sun Oct 18, 2026",,U.S. Vote Foundation,https://www.usvotefoundation.org/illinois-election-dates-and-deadlines
IL,Illinois,Voter registration,Grace Period,,2026-10-07,2026-11-03,,"From Wed Oct 7, 2026 to Tue Nov 3, 2026","A voter who registers or changes their address during this grace period must vote via ""grace period voting.""",U.S. Vote Foundation,https://www.usvotefoundation.org/illinois-election-dates-and-deadlines
IL,Illinois,Mail ballot request,Online by,2026-10-29,,,,"Thu Oct 29, 2026",,U.S. Vote Foundation,https://www.usvotefoundation.org/illinois-election-dates-and-deadlines
IL,Illinois,Mail ballot request,Post Received by,2026-10-29,,,,"Thu Oct 29, 2026",,U.S. Vote Foundation,https://www.usvotefoundation.org/illinois-election-dates-and-deadlines
IL,Illinois,Mail ballot request,In-Person Request by,2026-11-02,,,,"Mon Nov 2, 2026",,U.S. Vote Foundation,https://www.usvotefoundation.org/illinois-election-dates-and-deadlines
IL,Illinois,Mail ballot return,Postmarked On or Before Election Day and Received by,2026-11-17,,,,"Tue Nov 17, 2026",,U.S. Vote Foundation,https://www.usvotefoundation.org/illinois-election-dates-and-deadlines
IL,Illinois,Early voting,Early Voting,,2026-09-24,2026-11-02,,"From Thu Sep 24, 2026 to Mon Nov 2, 2026",,U.S. Vote Foundation,https://www.usvotefoundation.org/illinois-election-dates-and-deadlines
IL,Illinois,Voter registration by method,Online,2026-10-18,,,,,,VOTE411,https://www.vote411.org/illinois
IL,Illinois,Voter registration by method,By mail (postmarked),2026-10-06,,,,,,VOTE411,https://www.vote411.org/illinois
IL,Illinois,Voter registration by method,In person,2026-11-03,,,,,,VOTE411,https://www.vote411.org/illinois
IN,Indiana,Election,Indiana Congressional and State General Election,2026-11-03,,,,,,U.S. Vote Foundation,https://www.usvotefoundation.org/indiana-election-dates-and-deadlines
IN,Indiana,Voter registration,In-Person Request by,2026-10-05,,,,"Mon Oct 5, 2026",,U.S. Vote Foundation,https://www.usvotefoundation.org/indiana-election-dates-and-deadlines
IN,Indiana,Voter registration,Postmarked by,2026-10-05,,,,"Mon Oct 5, 2026",,U.S. Vote Foundation,https://www.usvotefoundation.org/indiana-election-dates-and-deadlines
IN,Indiana,Voter registration,Online by,2026-10-05,,,11:59PM,"Mon Oct 5, 2026 11:59PM",,U.S. Vote Foundation,https://www.usvotefoundation.org/indiana-election-dates-and-deadlines
IN,Indiana,Mail ballot request,Request From Voter with Print Disabilities by,2026-10-22,,,,"Thu Oct 22, 2026","For voters with print disabilities who are requesting to vote by mail, fax or email. Applications may be submitted in person or by mail, fax, email or online at indianavoters.in.gov .",U.S. Vote Foundation,https://www.usvotefoundation.org/indiana-election-dates-and-deadlines
IN,Indiana,Mail ballot request,Request for Postal Ballot by,2026-10-22,,,,"Thu Oct 22, 2026",,U.S. Vote Foundation,https://www.usvotefoundation.org/indiana-election-dates-and-deadlines
IN,Indiana,Mail ballot request,In-Person Request by,2026-11-02,,,12:00PM,"Mon Nov 2, 2026 12:00PM",,U.S. Vote Foundation,https://www.usvotefoundation.org/indiana-election-dates-and-deadlines
IN,Indiana,Mail ballot request,Emergency Ballot Period,,2026-10-15,2026-11-02,,"From Thu Oct 15, 2026 to Mon Nov 2, 2026","A confined voter, a voter caring for a confined person at a private residence, or a voter with disabilities may vote an absentee ballot before an absentee voter board at the voter's residence or place of confinement",U.S. Vote Foundation,https://www.usvotefoundation.org/indiana-election-dates-and-deadlines
IN,Indiana,Mail ballot return,Received by,2026-11-03,,,6:00PM,"Tue Nov 3, 2026 6:00PM",,U.S. Vote Foundation,https://www.usvotefoundation.org/indiana-election-dates-and-deadlines
IN,Indiana,Early voting,In-person Absentee Voting,,2026-10-06,2026-11-02,,"From Tue Oct 6, 2026 to Mon Nov 2, 2026",In-person absentee voting ends at noon the day before election day.,U.S. Vote Foundation,https://www.usvotefoundation.org/indiana-election-dates-and-deadlines
IN,Indiana,Voter registration by method,Online,2026-10-05,,,,,,VOTE411,https://www.vote411.org/indiana
IN,Indiana,Voter registration by method,By mail (postmarked),2026-10-05,,,,,,VOTE411,https://www.vote411.org/indiana
IN,Indiana,Voter registration by method,In person,2026-10-05,,,,,,VOTE411,https://www.vote411.org/indiana
IA,Iowa,Election,"Iowa Congressional, State and Gubernatorial General Election",2026-11-03,,,,,,U.S. Vote Foundation,https://www.usvotefoundation.org/iowa-election-dates-and-deadlines
IA,Iowa,Voter registration,Received by,2026-10-19,,,5:00PM,"Mon Oct 19, 2026 5:00PM",,U.S. Vote Foundation,https://www.usvotefoundation.org/iowa-election-dates-and-deadlines
IA,Iowa,Voter registration,Same Day Registration & Voting,,2026-10-14,2026-11-03,,"From Wed Oct 14, 2026 to Tue Nov 3, 2026",,U.S. Vote Foundation,https://www.usvotefoundation.org/iowa-election-dates-and-deadlines
IA,Iowa,Mail ballot request,Request for Postal Ballot by,2026-10-19,,,5:00PM,"Mon Oct 19, 2026 5:00PM",,U.S. Vote Foundation,https://www.usvotefoundation.org/iowa-election-dates-and-deadlines
IA,Iowa,Mail ballot request,In-Person Request by,2026-11-02,,,,"Mon Nov 2, 2026",,U.S. Vote Foundation,https://www.usvotefoundation.org/iowa-election-dates-and-deadlines
IA,Iowa,Mail ballot return,Delivered by Authorized Person to Election Office by,2026-11-03,,,8:00PM,"Tue Nov 3, 2026 8:00PM",,U.S. Vote Foundation,https://www.usvotefoundation.org/iowa-election-dates-and-deadlines
IA,Iowa,Mail ballot return,In the Election Office by,2026-11-03,,,8:00PM,"Tue Nov 3, 2026 8:00PM",,U.S. Vote Foundation,https://www.usvotefoundation.org/iowa-election-dates-and-deadlines
IA,Iowa,Mail ballot return,Received by,2026-11-03,,,8:00PM,"Tue Nov 3, 2026 8:00PM",,U.S. Vote Foundation,https://www.usvotefoundation.org/iowa-election-dates-and-deadlines
IA,Iowa,Early voting,In-person Absentee Voting,,2026-10-14,2026-11-02,,"From Wed Oct 14, 2026 to Mon Nov 2, 2026",Confirm specific dates with your county election office.,U.S. Vote Foundation,https://www.usvotefoundation.org/iowa-election-dates-and-deadlines
IA,Iowa,Voter registration by method,Online,2026-10-19,,,,,,VOTE411,https://www.vote411.org/iowa
IA,Iowa,Voter registration by method,By mail (postmarked),2026-10-19,,,,,,VOTE411,https://www.vote411.org/iowa
IA,Iowa,Voter registration by method,In person,2026-11-03,,,,,,VOTE411,https://www.vote411.org/iowa
KS,Kansas,Election,"Kansas Congressional, State and Gubernatorial General Election",2026-11-03,,,,,,U.S. Vote Foundation,https://www.usvotefoundation.org/kansas-election-dates-and-deadlines
KS,Kansas,Voter registration,At DMV and other State Agencies by,2026-10-13,,,,"Tue Oct 13, 2026",,U.S. Vote Foundation,https://www.usvotefoundation.org/kansas-election-dates-and-deadlines
KS,Kansas,Voter registration,Postmarked by,2026-10-13,,,,"Tue Oct 13, 2026","If no postmark is available, registration must be received by 9 days prior to Election Day",U.S. Vote Foundation,https://www.usvotefoundation.org/kansas-election-dates-and-deadlines
KS,Kansas,Voter registration,Discharged from federal service -In-person Request by,2026-11-02,,,12:00PM,"Mon Nov 2, 2026 12:00PM",,U.S. Vote Foundation,https://www.usvotefoundation.org/kansas-election-dates-and-deadlines
KS,Kansas,Mail ballot request,,2026-10-27,,,,"Tue Oct 27, 2026",,U.S. Vote Foundation,https://www.usvotefoundation.org/kansas-election-dates-and-deadlines
KS,Kansas,Mail ballot return,"In-Person, Received by",2026-11-03,,,12:00PM,"Tue Nov 3, 2026 12:00PM",,U.S. Vote Foundation,https://www.usvotefoundation.org/kansas-election-dates-and-deadlines
KS,Kansas,Mail ballot return,Postmarked On or Before Election Day and Received by,2026-11-06,,,,"Fri Nov 6, 2026","The ballot return received by date of Nov 6, if postmarked by Nov 3, is only recently confirmed by the Kansas Court of Appeals. Regardless, please consider ensuring your ballot is received by Election Day, Nov 3rd.",U.S. Vote Foundation,https://www.usvotefoundation.org/kansas-election-dates-and-deadlines
KS,Kansas,Early voting,In-person Absentee Voting,,2026-10-14,2026-11-02,,"From Wed Oct 14, 2026 to Mon Nov 2, 2026",Check with your county election office for specific times and locations.,U.S. Vote Foundation,https://www.usvotefoundation.org/kansas-election-dates-and-deadlines
KS,Kansas,Early voting,Early Voting,,2026-10-14,2026-11-02,,"From Wed Oct 14, 2026 to Mon Nov 2, 2026",,U.S. Vote Foundation,https://www.usvotefoundation.org/kansas-election-dates-and-deadlines
KS,Kansas,Voter registration by method,Online,2026-10-13,,,,,,VOTE411,https://www.vote411.org/kansas
KS,Kansas,Voter registration by method,By mail (postmarked),2026-10-13,,,,,,VOTE411,https://www.vote411.org/kansas
KS,Kansas,Voter registration by method,In person,2026-10-13,,,,,,VOTE411,https://www.vote411.org/kansas
KY,Kentucky,Election,"Kentucky Congressional, State and Judicial General Election",2026-11-03,,,,,,U.S. Vote Foundation,https://www.usvotefoundation.org/kentucky-election-dates-and-deadlines
KY,Kentucky,Voter registration,Postmarked by,2026-10-05,,,,"Mon Oct 5, 2026",,U.S. Vote Foundation,https://www.usvotefoundation.org/kentucky-election-dates-and-deadlines
KY,Kentucky,Voter registration,"In-Person, Received by",2026-10-05,,,4:00PM,"Mon Oct 5, 2026 4:00PM",,U.S. Vote Foundation,https://www.usvotefoundation.org/kentucky-election-dates-and-deadlines
KY,Kentucky,Voter registration,Online by,2026-10-05,,,4:00PM,"Mon Oct 5, 2026 4:00PM",,U.S. Vote Foundation,https://www.usvotefoundation.org/kentucky-election-dates-and-deadlines
KY,Kentucky,Mail ballot request,Online by,2026-10-20,,,11:59PM,"Tue Oct 20, 2026 11:59PM",,U.S. Vote Foundation,https://www.usvotefoundation.org/kentucky-election-dates-and-deadlines
KY,Kentucky,Mail ballot request,Emergency Ballot Period,,2026-10-20,2026-11-03,,"From Tue Oct 20, 2026 to Tue Nov 3, 2026",The application to request a ballot during this period due to a medical emergency must be notarized.,U.S. Vote Foundation,https://www.usvotefoundation.org/kentucky-election-dates-and-deadlines
KY,Kentucky,Mail ballot return,Received by,2026-11-03,,,6:00PM,"Tue Nov 3, 2026 6:00PM",,U.S. Vote Foundation,https://www.usvotefoundation.org/kentucky-election-dates-and-deadlines
KY,Kentucky,Early voting,In-person Absentee Voting,,2026-10-29,2026-10-31,,"From Thu Oct 29, 2026 to Sat Oct 31, 2026",In-Person absentee voting without excuse,U.S. Vote Foundation,https://www.usvotefoundation.org/kentucky-election-dates-and-deadlines
KY,Kentucky,Early voting,In-person Absentee Voting,,2026-10-22,2026-10-28,,"From Thu Oct 22, 2026 to Wed Oct 28, 2026",In-Person absentee voting with excuse. No voting on Saturday or Sunday,U.S. Vote Foundation,https://www.usvotefoundation.org/kentucky-election-dates-and-deadlines
KY,Kentucky,Voter registration by method,Online,2026-10-05,,,,,,VOTE411,https://www.vote411.org/kentucky
KY,Kentucky,Voter registration by method,By mail (postmarked),2026-10-05,,,,,,VOTE411,https://www.vote411.org/kentucky
KY,Kentucky,Voter registration by method,In person,2026-10-05,,,,,,VOTE411,https://www.vote411.org/kentucky
LA,Louisiana,Election,Louisiana Congressional General Election,2026-11-03,,,,,,U.S. Vote Foundation,https://www.usvotefoundation.org/louisiana-election-dates-and-deadlines
LA,Louisiana,Voter registration,In-Person Request by,2026-10-05,,,,"Mon Oct 5, 2026",,U.S. Vote Foundation,https://www.usvotefoundation.org/louisiana-election-dates-and-deadlines
LA,Louisiana,Voter registration,Post Received by,2026-10-05,,,,"Mon Oct 5, 2026",For voter registrations without a postmark,U.S. Vote Foundation,https://www.usvotefoundation.org/louisiana-election-dates-and-deadlines
LA,Louisiana,Voter registration,Postmarked by,2026-10-05,,,,"Mon Oct 5, 2026",,U.S. Vote Foundation,https://www.usvotefoundation.org/louisiana-election-dates-and-deadlines
LA,Louisiana,Voter registration,Online by,2026-10-13,,,,"Tue Oct 13, 2026",,U.S. Vote Foundation,https://www.usvotefoundation.org/louisiana-election-dates-and-deadlines
LA,Louisiana,Mail ballot request,,2026-10-30,,,4:30PM,"Fri Oct 30, 2026 4:30PM",,U.S. Vote Foundation,https://www.usvotefoundation.org/louisiana-election-dates-and-deadlines
LA,Louisiana,Mail ballot return,,2026-11-02,,,4:30PM,"Mon Nov 2, 2026 4:30PM",,U.S. Vote Foundation,https://www.usvotefoundation.org/louisiana-election-dates-and-deadlines
LA,Louisiana,Early voting,Early Voting,,2026-10-20,2026-10-27,,"From Tue Oct 20, 2026 to Tue Oct 27, 2026",8 am to 6 pm. No voting on Sunday.,U.S. Vote Foundation,https://www.usvotefoundation.org/louisiana-election-dates-and-deadlines
LA,Louisiana,Voter registration by method,Online,2026-10-13,,,,,,VOTE411,https://www.vote411.org/louisiana
LA,Louisiana,Voter registration by method,By mail (postmarked),2026-10-05,,,,,,VOTE411,https://www.vote411.org/louisiana
LA,Louisiana,Voter registration by method,In person,2026-10-05,,,,,,VOTE411,https://www.vote411.org/louisiana
ME,Maine,Election,"Maine Congressional, State and Gubernatorial General Election",2026-11-03,,,,,,U.S. Vote Foundation,https://www.usvotefoundation.org/maine-election-dates-and-deadlines
ME,Maine,Voter registration,Online by,2026-10-13,,,,"Tue Oct 13, 2026",,U.S. Vote Foundation,https://www.usvotefoundation.org/maine-election-dates-and-deadlines
ME,Maine,Voter registration,Post Received by,2026-10-13,,,5:00PM,"Tue Oct 13, 2026 5:00PM",,U.S. Vote Foundation,https://www.usvotefoundation.org/maine-election-dates-and-deadlines
ME,Maine,Voter registration,At DMV and other State Agencies by,2026-10-27,,,12:00AM,"Tue Oct 27, 2026 12:00AM",,U.S. Vote Foundation,https://www.usvotefoundation.org/maine-election-dates-and-deadlines
ME,Maine,Voter registration,Election Day Registration & Voting,2026-11-03,,,,"Tue Nov 3, 2026",,U.S. Vote Foundation,https://www.usvotefoundation.org/maine-election-dates-and-deadlines
ME,Maine,Voter registration,In-Person Request by,2026-11-03,,,8:00PM,"Tue Nov 3, 2026 8:00PM",,U.S. Vote Foundation,https://www.usvotefoundation.org/maine-election-dates-and-deadlines
ME,Maine,Voter registration,Same Day Registration & Voting,,2026-10-05,2026-10-29,,"From Mon Oct 5, 2026 to Thu Oct 29, 2026",,U.S. Vote Foundation,https://www.usvotefoundation.org/maine-election-dates-and-deadlines
ME,Maine,Mail ballot request,Received by,2026-10-29,,,,"Thu Oct 29, 2026",,U.S. Vote Foundation,https://www.usvotefoundation.org/maine-election-dates-and-deadlines
ME,Maine,Mail ballot return,Received by,2026-11-03,,,8:00PM,"Tue Nov 3, 2026 8:00PM",,U.S. Vote Foundation,https://www.usvotefoundation.org/maine-election-dates-and-deadlines
ME,Maine,Early voting,In-person Absentee Voting,,2026-10-05,2026-10-29,,"From Mon Oct 5, 2026 to Thu Oct 29, 2026",,U.S. Vote Foundation,https://www.usvotefoundation.org/maine-election-dates-and-deadlines
ME,Maine,Voter registration by method,Online,2026-10-13,,,,,,VOTE411,https://www.vote411.org/maine
ME,Maine,Voter registration by method,By mail (received),2026-10-13,,,,,,VOTE411,https://www.vote411.org/maine
ME,Maine,Voter registration by method,In person,2026-11-03,,,,,,VOTE411,https://www.vote411.org/maine
MD,Maryland,Election,"Maryland Congressional, State and Gubernatorial General Election",2026-11-03,,,,,,U.S. Vote Foundation,https://www.usvotefoundation.org/maryland-election-dates-and-deadlines
MD,Maryland,Voter registration,Postmarked by,2026-10-13,,,,"Tue Oct 13, 2026",,U.S. Vote Foundation,https://www.usvotefoundation.org/maryland-election-dates-and-deadlines
MD,Maryland,Voter registration,Submitted by,2026-10-13,,,5:00PM,"Tue Oct 13, 2026 5:00PM",,U.S. Vote Foundation,https://www.usvotefoundation.org/maryland-election-dates-and-deadlines
MD,Maryland,Voter registration,Online by,2026-10-13,,,11:59PM,"Tue Oct 13, 2026 11:59PM",,U.S. Vote Foundation,https://www.usvotefoundation.org/maryland-election-dates-and-deadlines
MD,Maryland,Voter registration,Election Day Registration & Voting,2026-11-03,,,,"Tue Nov 3, 2026",,U.S. Vote Foundation,https://www.usvotefoundation.org/maryland-election-dates-and-deadlines
MD,Maryland,Voter registration,Same Day Registration & Voting,,2026-10-22,2026-10-29,,"From Thu Oct 22, 2026 to Thu Oct 29, 2026",,U.S. Vote Foundation,https://www.usvotefoundation.org/maryland-election-dates-and-deadlines
MD,Maryland,Mail ballot request,Request for Fax Ballot by,2026-10-27,,,,"Tue Oct 27, 2026",,U.S. Vote Foundation,https://www.usvotefoundation.org/maryland-election-dates-and-deadlines
MD,Maryland,Mail ballot request,Request for Postal Ballot by,2026-10-27,,,,"Tue Oct 27, 2026",,U.S. Vote Foundation,https://www.usvotefoundation.org/maryland-election-dates-and-deadlines
MD,Maryland,Mail ballot request,Request for Email or Online Ballot by,2026-10-30,,,,"Fri Oct 30, 2026",,U.S. Vote Foundation,https://www.usvotefoundation.org/maryland-election-dates-and-deadlines
MD,Maryland,Mail ballot request,In-Person Request by,2026-11-03,,,,"Tue Nov 3, 2026",,U.S. Vote Foundation,https://www.usvotefoundation.org/maryland-election-dates-and-deadlines
MD,Maryland,Mail ballot return,Received in Dropbox by,2026-11-03,,,,"Tue Nov 3, 2026",,U.S. Vote Foundation,https://www.usvotefoundation.org/maryland-election-dates-and-deadlines
MD,Maryland,Mail ballot return,"In-Person, Received by",2026-11-03,,,8:00PM,"Tue Nov 3, 2026 8:00PM",,U.S. Vote Foundation,https://www.usvotefoundation.org/maryland-election-dates-and-deadlines
MD,Maryland,Mail ballot return,Postmarked On or Before Election Day and Received by,2026-11-13,,,,"Fri Nov 13, 2026",,U.S. Vote Foundation,https://www.usvotefoundation.org/maryland-election-dates-and-deadlines
MD,Maryland,Early voting,Early Voting,,2026-10-22,2026-10-29,,"From Thu Oct 22, 2026 to Thu Oct 29, 2026",,U.S. Vote Foundation,https://www.usvotefoundation.org/maryland-election-dates-and-deadlines
MD,Maryland,Voter registration by method,Online,2026-10-13,,,,,,VOTE411,https://www.vote411.org/maryland
MD,Maryland,Voter registration by method,By mail (postmarked),2026-10-13,,,,,,VOTE411,https://www.vote411.org/maryland
MD,Maryland,Voter registration by method,In person,2026-11-03,,,,,,VOTE411,https://www.vote411.org/maryland
MA,Massachusetts,Election,"Massachusetts Congressional, State and Gubernatorial General Election",2026-11-03,,,,,,U.S. Vote Foundation,https://www.usvotefoundation.org/massachusetts-election-dates-and-deadlines
MA,Massachusetts,Voter registration,Postmarked by,2026-10-24,,,,"Sat Oct 24, 2026",,U.S. Vote Foundation,https://www.usvotefoundation.org/massachusetts-election-dates-and-deadlines
MA,Massachusetts,Voter registration,In-Person Request by,2026-10-24,,,5:00PM,"Sat Oct 24, 2026 5:00PM",,U.S. Vote Foundation,https://www.usvotefoundation.org/massachusetts-election-dates-and-deadlines
MA,Massachusetts,Voter registration,Online by,2026-10-24,,,11:59PM,"Sat Oct 24, 2026 11:59PM",,U.S. Vote Foundation,https://www.usvotefoundation.org/massachusetts-election-dates-and-deadlines
MA,Massachusetts,Voter registration,Same Day Registration & Voting,,2026-10-17,2026-10-24,,"From Sat Oct 17, 2026 to Sat Oct 24, 2026",,U.S. Vote Foundation,https://www.usvotefoundation.org/massachusetts-election-dates-and-deadlines
MA,Massachusetts,Mail ballot request,Request to Receive Blank Ballot by Mail Received by,2026-10-27,,,5:00PM,"Tue Oct 27, 2026 5:00PM",,U.S. Vote Foundation,https://www.usvotefoundation.org/massachusetts-election-dates-and-deadlines
MA,Massachusetts,Mail ballot return,Received by,2026-11-03,,,8:00PM,"Tue Nov 3, 2026 8:00PM",,U.S. Vote Foundation,https://www.usvotefoundation.org/massachusetts-election-dates-and-deadlines
MA,Massachusetts,Mail ballot return,Postmarked On or Before Election Day and Received by,2026-11-06,,,8:00PM,"Fri Nov 6, 2026 8:00PM",,U.S. Vote Foundation,https://www.usvotefoundation.org/massachusetts-election-dates-and-deadlines
MA,Massachusetts,Early voting,Early Voting,,2026-10-17,2026-10-30,,"From Sat Oct 17, 2026 to Fri Oct 30, 2026",,U.S. Vote Foundation,https://www.usvotefoundation.org/massachusetts-election-dates-and-deadlines
MA,Massachusetts,Voter registration by method,Online,2026-10-24,,,,,,VOTE411,https://www.vote411.org/massachusetts
MA,Massachusetts,Voter registration by method,By mail (postmarked),2026-10-24,,,,,,VOTE411,https://www.vote411.org/massachusetts
MA,Massachusetts,Voter registration by method,In person,2026-10-24,,,,,,VOTE411,https://www.vote411.org/massachusetts
MI,Michigan,Election,"Michigan Congressional, State and Gubernatorial General Election",2026-11-03,,,,,,U.S. Vote Foundation,https://www.usvotefoundation.org/michigan-election-dates-and-deadlines
MI,Michigan,Voter registration,Online by,2026-10-19,,,,"Mon Oct 19, 2026",,U.S. Vote Foundation,https://www.usvotefoundation.org/michigan-election-dates-and-deadlines
MI,Michigan,Voter registration,Post Received by,2026-10-19,,,,"Mon Oct 19, 2026",,U.S. Vote Foundation,https://www.usvotefoundation.org/michigan-election-dates-and-deadlines
MI,Michigan,Voter registration,In-Person Request by,2026-11-03,,,,"Tue Nov 3, 2026",,U.S. Vote Foundation,https://www.usvotefoundation.org/michigan-election-dates-and-deadlines
MI,Michigan,Voter registration,Same Day Registration & Voting,,2026-09-24,2026-11-02,,"From Thu Sep 24, 2026 to Mon Nov 2, 2026",,U.S. Vote Foundation,https://www.usvotefoundation.org/michigan-election-dates-and-deadlines
MI,Michigan,Mail ballot request,Request to Receive Blank Ballot by Mail Received by,2026-10-30,,,5:00PM,"Fri Oct 30, 2026 5:00PM",,U.S. Vote Foundation,https://www.usvotefoundation.org/michigan-election-dates-and-deadlines
MI,Michigan,Mail ballot request,In-Person Request by,2026-11-02,,,4:00PM,"Mon Nov 2, 2026 4:00PM",,U.S. Vote Foundation,https://www.usvotefoundation.org/michigan-election-dates-and-deadlines
MI,Michigan,Mail ballot request,Emergency Ballot Request by,2026-11-03,,,4:00PM,"Tue Nov 3, 2026 4:00PM",Voters may request an emergency Absentee Ballot if the voter has become physically disabled or will be away because of sickness or death in the family. Contact your Local Election Office for details.,U.S. Vote Foundation,https://www.usvotefoundation.org/michigan-election-dates-and-deadlines
MI,Michigan,Mail ballot return,Received by,2026-11-03,,,8:00PM,"Tue Nov 3, 2026 8:00PM",,U.S. Vote Foundation,https://www.usvotefoundation.org/michigan-election-dates-and-deadlines
MI,Michigan,Early voting,Early Voting,,2026-10-24,2026-11-01,,"From Sat Oct 24, 2026 to Sun Nov 1, 2026",,U.S. Vote Foundation,https://www.usvotefoundation.org/michigan-election-dates-and-deadlines
MI,Michigan,Early voting,In-person Absentee Voting,,2026-09-24,2026-11-02,,"From Thu Sep 24, 2026 to Mon Nov 2, 2026",,U.S. Vote Foundation,https://www.usvotefoundation.org/michigan-election-dates-and-deadlines
MI,Michigan,Voter registration by method,Online,2026-10-19,,,,,,VOTE411,https://www.vote411.org/michigan
MI,Michigan,Voter registration by method,By mail,2026-10-19,,,,,,VOTE411,https://www.vote411.org/michigan
MI,Michigan,Voter registration by method,In person,2026-11-03,,,,,,VOTE411,https://www.vote411.org/michigan
MN,Minnesota,Election,"Minnesota Congressional, State, Gubernatorial and Judicial General Election",2026-11-03,,,,,,U.S. Vote Foundation,https://www.usvotefoundation.org/minnesota-election-dates-and-deadlines
MN,Minnesota,Voter registration,"In-Person, Received by",2026-10-13,,,5:00PM,"Tue Oct 13, 2026 5:00PM",,U.S. Vote Foundation,https://www.usvotefoundation.org/minnesota-election-dates-and-deadlines
MN,Minnesota,Voter registration,Post Received by,2026-10-13,,,5:00PM,"Tue Oct 13, 2026 5:00PM",,U.S. Vote Foundation,https://www.usvotefoundation.org/minnesota-election-dates-and-deadlines
MN,Minnesota,Voter registration,Online by,2026-10-13,,,11:59PM,"Tue Oct 13, 2026 11:59PM",,U.S. Vote Foundation,https://www.usvotefoundation.org/minnesota-election-dates-and-deadlines
MN,Minnesota,Voter registration,Election Day Registration & Voting,2026-11-03,,,,"Tue Nov 3, 2026",,U.S. Vote Foundation,https://www.usvotefoundation.org/minnesota-election-dates-and-deadlines
MN,Minnesota,Voter registration,Same Day Registration & Voting,,2026-09-18,2026-11-02,,"From Fri Sep 18, 2026 to Mon Nov 2, 2026",,U.S. Vote Foundation,https://www.usvotefoundation.org/minnesota-election-dates-and-deadlines
MN,Minnesota,Mail ballot request,Submitted by,2026-11-02,,,,"Mon Nov 2, 2026",,U.S. Vote Foundation,https://www.usvotefoundation.org/minnesota-election-dates-and-deadlines
MN,Minnesota,Mail ballot return,"In-Person, Received by",2026-11-03,,,5:00PM,"Tue Nov 3, 2026 5:00PM",,U.S. Vote Foundation,https://www.usvotefoundation.org/minnesota-election-dates-and-deadlines
MN,Minnesota,Mail ballot return,Post Received by,2026-11-03,,,8:00PM,"Tue Nov 3, 2026 8:00PM",,U.S. Vote Foundation,https://www.usvotefoundation.org/minnesota-election-dates-and-deadlines
MN,Minnesota,Early voting,In-person Absentee Voting,,2026-09-18,2026-11-02,,"From Fri Sep 18, 2026 to Mon Nov 2, 2026",,U.S. Vote Foundation,https://www.usvotefoundation.org/minnesota-election-dates-and-deadlines
MN,Minnesota,Voter registration by method,Online,2026-10-13,,,,,,VOTE411,https://www.vote411.org/minnesota
MN,Minnesota,Voter registration by method,By mail (received),2026-10-13,,,,,,VOTE411,https://www.vote411.org/minnesota
MN,Minnesota,Voter registration by method,In person,2026-11-03,,,,,,VOTE411,https://www.vote411.org/minnesota
MS,Mississippi,Election,Mississippi Congressional General Election,2026-11-03,,,,,,U.S. Vote Foundation,https://www.usvotefoundation.org/mississippi-election-dates-and-deadlines
MS,Mississippi,Voter registration,"In-Person, Received by",2026-10-05,,,,"Mon Oct 5, 2026",,U.S. Vote Foundation,https://www.usvotefoundation.org/mississippi-election-dates-and-deadlines
MS,Mississippi,Voter registration,Postmarked by,2026-10-05,,,,"Mon Oct 5, 2026",,U.S. Vote Foundation,https://www.usvotefoundation.org/mississippi-election-dates-and-deadlines
MS,Mississippi,Mail ballot request,,,,,,No Deadline,"Make your request early enough to receive, fill-out, and return your ballot by Election Day.",U.S. Vote Foundation,https://www.usvotefoundation.org/mississippi-election-dates-and-deadlines
MS,Mississippi,Mail ballot return,Postmarked On or Before Election Day and Received by,2026-11-10,,,5:00PM,"Tue Nov 10, 2026 5:00PM",,U.S. Vote Foundation,https://www.usvotefoundation.org/mississippi-election-dates-and-deadlines
MS,Mississippi,Early voting,In-person Absentee Voting,,2026-09-21,2026-10-31,,"From Mon Sep 21, 2026 to Sat Oct 31, 2026",by noon on Oct 31st,U.S. Vote Foundation,https://www.usvotefoundation.org/mississippi-election-dates-and-deadlines
MS,Mississippi,Voter registration by method,By mail (postmarked),2026-10-05,,,,,,VOTE411,https://www.vote411.org/mississippi
MS,Mississippi,Voter registration by method,In person,2026-10-05,,,,,,VOTE411,https://www.vote411.org/mississippi
MO,Missouri,Election,Missouri Congressional and State General Election,2026-11-03,,,,,,U.S. Vote Foundation,https://www.usvotefoundation.org/missouri-election-dates-and-deadlines
MO,Missouri,Voter registration,Submitted by,2026-10-07,,,5:00PM,"Wed Oct 7, 2026 5:00PM",,U.S. Vote Foundation,https://www.usvotefoundation.org/missouri-election-dates-and-deadlines
MO,Missouri,Voter registration,In Person Request by,2026-10-30,,,5:00PM,"Fri Oct 30, 2026 5:00PM (For Discharged Military, Returned from deployment or activation or Overseas citizen returning from employment with proof)",,U.S. Vote Foundation,https://www.usvotefoundation.org/missouri-election-dates-and-deadlines
MO,Missouri,Mail ballot request,Email or Fax by,2026-10-21,,,5:00PM,"Wed Oct 21, 2026 5:00PM",,U.S. Vote Foundation,https://www.usvotefoundation.org/missouri-election-dates-and-deadlines
MO,Missouri,Mail ballot request,Post Received by,2026-10-21,,,5:00PM,"Wed Oct 21, 2026 5:00PM",,U.S. Vote Foundation,https://www.usvotefoundation.org/missouri-election-dates-and-deadlines
MO,Missouri,Mail ballot request,In-Person Request by,2026-11-02,,,5:00PM,"Mon Nov 2, 2026 5:00PM",,U.S. Vote Foundation,https://www.usvotefoundation.org/missouri-election-dates-and-deadlines
MO,Missouri,Mail ballot return,Submitted by,2026-11-03,,,7:00PM,"Tue Nov 3, 2026 7:00PM",,U.S. Vote Foundation,https://www.usvotefoundation.org/missouri-election-dates-and-deadlines
MO,Missouri,Early voting,In-person Absentee Voting,,2026-09-22,2026-11-02,,"From Tue Sep 22, 2026 to Mon Nov 2, 2026",In-Person absentee voting with excuse,U.S. Vote Foundation,https://www.usvotefoundation.org/missouri-election-dates-and-deadlines
MO,Missouri,Early voting,In-person Absentee Voting,,2026-10-20,2026-11-02,,"From Tue Oct 20, 2026 to Mon Nov 2, 2026",In-Person absentee voting without excuse,U.S. Vote Foundation,https://www.usvotefoundation.org/missouri-election-dates-and-deadlines
MO,Missouri,Voter registration by method,Online,2026-10-07,,,,,,VOTE411,https://www.vote411.org/missouri
MO,Missouri,Voter registration by method,By mail (postmarked),2026-10-07,,,,,,VOTE411,https://www.vote411.org/missouri
MO,Missouri,Voter registration by method,In person,2026-10-07,,,,,,VOTE411,https://www.vote411.org/missouri
MT,Montana,Election,"Montana Congressional, State and Judicial General Election",2026-11-03,,,,,,U.S. Vote Foundation,https://www.usvotefoundation.org/montana-election-dates-and-deadlines
MT,Montana,Voter registration,Postmarked by,2026-10-05,,,,"Mon Oct 5, 2026",registration forms postmarked by this date and received within 3 days are accepted for regular registration,U.S. Vote Foundation,https://www.usvotefoundation.org/montana-election-dates-and-deadlines
MT,Montana,Voter registration,Submitted by,2026-10-05,,,,"Mon Oct 5, 2026",,U.S. Vote Foundation,https://www.usvotefoundation.org/montana-election-dates-and-deadlines
MT,Montana,Voter registration,Election Day Registration & Voting,2026-11-03,,,8:00PM,"Tue Nov 3, 2026 8:00PM",Confirm the 8 pm deadline to REGISTER and vote with your local election office.,U.S. Vote Foundation,https://www.usvotefoundation.org/montana-election-dates-and-deadlines
MT,Montana,Voter registration,Late Registration by,2026-11-03,,,8:00PM,"Tue Nov 3, 2026 8:00PM",,U.S. Vote Foundation,https://www.usvotefoundation.org/montana-election-dates-and-deadlines
MT,Montana,Voter registration,Same Day Registration & Voting,,2026-10-05,2026-11-02,,"From Mon Oct 5, 2026 to Mon Nov 2, 2026",,U.S. Vote Foundation,https://www.usvotefoundation.org/montana-election-dates-and-deadlines
MT,Montana,Mail ballot request,Received by,2026-11-02,,,12:00PM,"Mon Nov 2, 2026 12:00PM",,U.S. Vote Foundation,https://www.usvotefoundation.org/montana-election-dates-and-deadlines
MT,Montana,Mail ballot request,Emergency Ballot Period,,2026-10-30,2026-11-03,,"From Fri Oct 30, 2026 to Tue Nov 3, 2026",Voters with an illness or health emergency between Friday 5 PM before the election and before the close of polls on election day may request an absentee ballot. Contact your Local Election Office .,U.S. Vote Foundation,https://www.usvotefoundation.org/montana-election-dates-and-deadlines
MT,Montana,Mail ballot return,Received by,2026-11-03,,,8:00PM,"Tue Nov 3, 2026 8:00PM",,U.S. Vote Foundation,https://www.usvotefoundation.org/montana-election-dates-and-deadlines
MT,Montana,Early voting,In-person Absentee Voting,,2026-10-05,2026-11-02,,"From Mon Oct 5, 2026 to Mon Nov 2, 2026",,U.S. Vote Foundation,https://www.usvotefoundation.org/montana-election-dates-and-deadlines
MT,Montana,Voter registration by method,By mail (postmarked),2026-10-05,,,,,,VOTE411,https://www.vote411.org/montana
MT,Montana,Voter registration by method,In person,2026-11-03,,,,,,VOTE411,https://www.vote411.org/montana
NE,Nebraska,Election,"Nebraska Congressional, State and Gubernatorial General Election",2026-11-03,,,,,,U.S. Vote Foundation,https://www.usvotefoundation.org/nebraska-election-dates-and-deadlines
NE,Nebraska,Voter registration,At DMV and other State Agencies by,2026-10-16,,,,"Fri Oct 16, 2026",,U.S. Vote Foundation,https://www.usvotefoundation.org/nebraska-election-dates-and-deadlines
NE,Nebraska,Voter registration,Postmarked by,2026-10-16,,,,"Fri Oct 16, 2026",,U.S. Vote Foundation,https://www.usvotefoundation.org/nebraska-election-dates-and-deadlines
NE,Nebraska,Voter registration,Online by,2026-10-16,,,11:59PM,"Fri Oct 16, 2026 11:59PM",,U.S. Vote Foundation,https://www.usvotefoundation.org/nebraska-election-dates-and-deadlines
NE,Nebraska,Voter registration,"In-Person, Received by",2026-10-23,,,6:00PM,"Fri Oct 23, 2026 6:00PM",,U.S. Vote Foundation,https://www.usvotefoundation.org/nebraska-election-dates-and-deadlines
NE,Nebraska,Mail ballot request,Request for Postal Ballot by,2026-10-23,,,,"Fri Oct 23, 2026",,U.S. Vote Foundation,https://www.usvotefoundation.org/nebraska-election-dates-and-deadlines
NE,Nebraska,Mail ballot request,"In-Person, Received by",2026-11-03,,,,"Tue Nov 3, 2026",Deadline for obtaining a replacement ballot in person.,U.S. Vote Foundation,https://www.usvotefoundation.org/nebraska-election-dates-and-deadlines
NE,Nebraska,Mail ballot return,,2026-11-03,,,8:00PM,"Tue Nov 3, 2026 8:00PM",,U.S. Vote Foundation,https://www.usvotefoundation.org/nebraska-election-dates-and-deadlines
NE,Nebraska,Early voting,In-person Absentee Voting,,2026-10-05,2026-11-02,,"From Mon Oct 5, 2026 to Mon Nov 2, 2026",,U.S. Vote Foundation,https://www.usvotefoundation.org/nebraska-election-dates-and-deadlines
NE,Nebraska,Voter registration by method,Online,2026-10-16,,,,,,VOTE411,https://www.vote411.org/nebraska
NE,Nebraska,Voter registration by method,By mail (postmarked),2026-10-16,,,,,,VOTE411,https://www.vote411.org/nebraska
NE,Nebraska,Voter registration by method,In person,2026-10-23,,,,,,VOTE411,https://www.vote411.org/nebraska
NV,Nevada,Election,"Nevada Congressional, State and Gubernatorial General Election",2026-11-03,,,,,,U.S. Vote Foundation,https://www.usvotefoundation.org/nevada-election-dates-and-deadlines
NV,Nevada,Voter registration,In-Person Request by,2026-10-06,,,,"Tue Oct 6, 2026",,U.S. Vote Foundation,https://www.usvotefoundation.org/nevada-election-dates-and-deadlines
NV,Nevada,Voter registration,Postmarked by,2026-10-06,,,,"Tue Oct 6, 2026",,U.S. Vote Foundation,https://www.usvotefoundation.org/nevada-election-dates-and-deadlines
NV,Nevada,Voter registration,Online by,2026-11-03,,,,"Tue Nov 3, 2026",,U.S. Vote Foundation,https://www.usvotefoundation.org/nevada-election-dates-and-deadlines
NV,Nevada,Voter registration,Same Day Registration & Voting,,2026-10-17,2026-10-30,,"From Sat Oct 17, 2026 to Fri Oct 30, 2026",,U.S. Vote Foundation,https://www.usvotefoundation.org/nevada-election-dates-and-deadlines
NV,Nevada,Mail ballot request,Received by,2026-10-20,,,,"Tue Oct 20, 2026",,U.S. Vote Foundation,https://www.usvotefoundation.org/nevada-election-dates-and-deadlines
NV,Nevada,Mail ballot request,,,,,,Automatic for Registered Voters,"Ballots are automatically sent to the Voter's address listed on their Voter Registration record. If changes are needed, update your voter registration information prior to 14 days before the election.",U.S. Vote Foundation,https://www.usvotefoundation.org/nevada-election-dates-and-deadlines
NV,Nevada,Mail ballot request,Emergency Ballot Request by,2026-11-03,,,5:00PM,"Tue Nov 3, 2026 5:00PM","Voters may request an emergency Absentee Ballot if they have a serious illness, stay at a medical facility, or are called away from home. Contact your Local Election Office for details.",U.S. Vote Foundation,https://www.usvotefoundation.org/nevada-election-dates-and-deadlines
NV,Nevada,Mail ballot return,Received in Dropbox by,2026-11-03,,,7:00PM,"Tue Nov 3, 2026 7:00PM",,U.S. Vote Foundation,https://www.usvotefoundation.org/nevada-election-dates-and-deadlines
NV,Nevada,Mail ballot return,Postmarked On or Before Election Day and Received by,2026-11-07,,,5:00PM,"Sat Nov 7, 2026 5:00PM",,U.S. Vote Foundation,https://www.usvotefoundation.org/nevada-election-dates-and-deadlines
NV,Nevada,Early voting,Early Voting,,2026-10-17,2026-10-30,,"From Sat Oct 17, 2026 to Fri Oct 30, 2026",,U.S. Vote Foundation,https://www.usvotefoundation.org/nevada-election-dates-and-deadlines
NV,Nevada,Voter registration by method,Online,2026-11-03,,,,,,VOTE411,https://www.vote411.org/nevada
NV,Nevada,Voter registration by method,By mail (postmarked),2026-10-06,,,,,,VOTE411,https://www.vote411.org/nevada
NV,Nevada,Voter registration by method,In person,2026-11-03,,,,,,VOTE411,https://www.vote411.org/nevada
NH,New Hampshire,Election,"New Hampshire Congressional, State and Gubernatorial General Election",2026-11-03,,,,,,U.S. Vote Foundation,https://www.usvotefoundation.org/new-hampshire-election-dates-and-deadlines
NH,New Hampshire,Voter registration,In-Person Request by,2026-10-21,,,,"Wed Oct 21, 2026","Deadline for in-person voter registration is between 6 to 13 days before an election. Therefore, you may have up to Oct 28 to register; confirm with your local election office.",U.S. Vote Foundation,https://www.usvotefoundation.org/new-hampshire-election-dates-and-deadlines
NH,New Hampshire,Voter registration,Election Day Registration & Voting,2026-11-03,,,7:00PM,"Tue Nov 3, 2026 7:00PM",,U.S. Vote Foundation,https://www.usvotefoundation.org/new-hampshire-election-dates-and-deadlines
NH,New Hampshire,Mail ballot request,Request for Postal Ballot by,2026-11-02,,,12:00PM,"Mon Nov 2, 2026 12:00PM",,U.S. Vote Foundation,https://www.usvotefoundation.org/new-hampshire-election-dates-and-deadlines
NH,New Hampshire,Mail ballot request,In-Person Request by,2026-11-02,,,5:00PM,"Mon Nov 2, 2026 5:00PM",,U.S. Vote Foundation,https://www.usvotefoundation.org/new-hampshire-election-dates-and-deadlines
NH,New Hampshire,Mail ballot return,"In-Person, Received by",2026-11-03,,,5:00PM,"Tue Nov 3, 2026 5:00PM",,U.S. Vote Foundation,https://www.usvotefoundation.org/new-hampshire-election-dates-and-deadlines
NH,New Hampshire,Mail ballot return,Post Received by,2026-11-03,,,5:00PM,"Tue Nov 3, 2026 5:00PM",,U.S. Vote Foundation,https://www.usvotefoundation.org/new-hampshire-election-dates-and-deadlines
NH,New Hampshire,Early voting,Early Voting,,,,,Not available for this election to -,,U.S. Vote Foundation,https://www.usvotefoundation.org/new-hampshire-election-dates-and-deadlines
NH,New Hampshire,Voter registration by method,In person,2026-11-03,,,,,,VOTE411,https://www.vote411.org/new-hampshire
NJ,New Jersey,Election,New Jersey Congressional General Election,2026-11-03,,,,,,U.S. Vote Foundation,https://www.usvotefoundation.org/new-jersey-election-dates-and-deadlines
NJ,New Jersey,Voter registration,Received by,2026-10-13,,,,"Tue Oct 13, 2026",,U.S. Vote Foundation,https://www.usvotefoundation.org/new-jersey-election-dates-and-deadlines
NJ,New Jersey,Mail ballot request,Post Received by,2026-10-27,,,,"Tue Oct 27, 2026",,U.S. Vote Foundation,https://www.usvotefoundation.org/new-jersey-election-dates-and-deadlines
NJ,New Jersey,Mail ballot request,"In-Person, Received by",2026-11-02,,,3:00PM,"Mon Nov 2, 2026 3:00PM",,U.S. Vote Foundation,https://www.usvotefoundation.org/new-jersey-election-dates-and-deadlines
NJ,New Jersey,Mail ballot return,"In-Person, Received by",2026-11-03,,,8:00PM,"Tue Nov 3, 2026 8:00PM",,U.S. Vote Foundation,https://www.usvotefoundation.org/new-jersey-election-dates-and-deadlines
NJ,New Jersey,Mail ballot return,Postmarked On or Before Election Day and Received by,2026-11-09,,,8:00PM,"Mon Nov 9, 2026 8:00PM",,U.S. Vote Foundation,https://www.usvotefoundation.org/new-jersey-election-dates-and-deadlines
NJ,New Jersey,Early voting,Early Voting,,2026-10-24,2026-11-01,,"From Sat Oct 24, 2026 to Sun Nov 1, 2026",,U.S. Vote Foundation,https://www.usvotefoundation.org/new-jersey-election-dates-and-deadlines
NJ,New Jersey,Voter registration by method,Online,2026-10-13,,,,,,VOTE411,https://www.vote411.org/new-jersey
NJ,New Jersey,Voter registration by method,By mail (postmarked),2026-10-13,,,,,,VOTE411,https://www.vote411.org/new-jersey
NJ,New Jersey,Voter registration by method,In person,2026-10-13,,,,,,VOTE411,https://www.vote411.org/new-jersey
NM,New Mexico,Election,"New Mexico Congressional, State and Gubernatorial General Election",2026-11-03,,,,,,U.S. Vote Foundation,https://www.usvotefoundation.org/new-mexico-election-dates-and-deadlines
NM,New Mexico,Voter registration,Postmarked by,2026-10-06,,,,"Tue Oct 6, 2026",,U.S. Vote Foundation,https://www.usvotefoundation.org/new-mexico-election-dates-and-deadlines
NM,New Mexico,Voter registration,Received by,2026-10-06,,,,"Tue Oct 6, 2026",,U.S. Vote Foundation,https://www.usvotefoundation.org/new-mexico-election-dates-and-deadlines
NM,New Mexico,Voter registration,Election Day Registration & Voting,2026-11-03,,,,"Tue Nov 3, 2026",,U.S. Vote Foundation,https://www.usvotefoundation.org/new-mexico-election-dates-and-deadlines
NM,New Mexico,Voter registration,Same Day Registration & Voting,,2026-10-06,2026-10-31,,"From Tue Oct 6, 2026 to Sat Oct 31, 2026",,U.S. Vote Foundation,https://www.usvotefoundation.org/new-mexico-election-dates-and-deadlines
NM,New Mexico,Mail ballot request,Received by,2026-10-20,,,,"Tue Oct 20, 2026",,U.S. Vote Foundation,https://www.usvotefoundation.org/new-mexico-election-dates-and-deadlines
NM,New Mexico,Mail ballot return,Received by,2026-11-03,,,7:00PM,"Tue Nov 3, 2026 7:00PM",,U.S. Vote Foundation,https://www.usvotefoundation.org/new-mexico-election-dates-and-deadlines
NM,New Mexico,Early voting,Early Voting,,2026-10-06,2026-10-31,,"From Tue Oct 6, 2026 to Sat Oct 31, 2026",,U.S. Vote Foundation,https://www.usvotefoundation.org/new-mexico-election-dates-and-deadlines
NM,New Mexico,Voter registration by method,Online,2026-10-06,,,,,,VOTE411,https://www.vote411.org/new-mexico
NM,New Mexico,Voter registration by method,By mail (postmarked),2026-10-06,,,,,,VOTE411,https://www.vote411.org/new-mexico
NM,New Mexico,Voter registration by method,In person,2026-11-03,,,,,,VOTE411,https://www.vote411.org/new-mexico
NY,New York,Election,"New York Congressional, State and Gubernatorial General Election",2026-11-03,,,,,,U.S. Vote Foundation,https://www.usvotefoundation.org/new-york-election-dates-and-deadlines
NY,New York,Voter registration,Same Day Registration & Voting,,2026-10-24,2026-10-24,,"From Sat Oct 24, 2026 to Sat Oct 24, 2026","Since the last day of registration overlaps with the first day of Early Voting, you may register and vote on this day.",U.S. Vote Foundation,https://www.usvotefoundation.org/new-york-election-dates-and-deadlines
NY,New York,Voter registration,"In-Person, Received by",2026-10-24,,,,"Sat Oct 24, 2026",,U.S. Vote Foundation,https://www.usvotefoundation.org/new-york-election-dates-and-deadlines
NY,New York,Voter registration,Post Received by,2026-10-24,,,,"Sat Oct 24, 2026",,U.S. Vote Foundation,https://www.usvotefoundation.org/new-york-election-dates-and-deadlines
NY,New York,Voter registration,Received by,2026-10-24,,,,"Sat Oct 24, 2026",such as online or from a state agency like DMV,U.S. Vote Foundation,https://www.usvotefoundation.org/new-york-election-dates-and-deadlines
NY,New York,Mail ballot request,Online by,2026-10-24,,,,"Sat Oct 24, 2026",,U.S. Vote Foundation,https://www.usvotefoundation.org/new-york-election-dates-and-deadlines
NY,New York,Mail ballot request,Post Received by,2026-10-24,,,,"Sat Oct 24, 2026",,U.S. Vote Foundation,https://www.usvotefoundation.org/new-york-election-dates-and-deadlines
NY,New York,Mail ballot request,In-Person Request by,2026-11-02,,,,"Mon Nov 2, 2026",,U.S. Vote Foundation,https://www.usvotefoundation.org/new-york-election-dates-and-deadlines
NY,New York,Mail ballot return,"In-Person, Received by",2026-11-03,,,,"Tue Nov 3, 2026",,U.S. Vote Foundation,https://www.usvotefoundation.org/new-york-election-dates-and-deadlines
NY,New York,Mail ballot return,Post received by,2026-11-04,,,,"Wed Nov 4, 2026 (when postmark is missing)",,U.S. Vote Foundation,https://www.usvotefoundation.org/new-york-election-dates-and-deadlines
NY,New York,Mail ballot return,Postmarked On or Before Election Day and Received by,2026-11-10,,,,"Tue Nov 10, 2026",,U.S. Vote Foundation,https://www.usvotefoundation.org/new-york-election-dates-and-deadlines
NY,New York,Early voting,Early Voting,,2026-10-24,2026-11-01,,"From Sat Oct 24, 2026 to Sun Nov 1, 2026",,U.S. Vote Foundation,https://www.usvotefoundation.org/new-york-election-dates-and-deadlines
NY,New York,Voter registration by method,Online,2026-10-24,,,,,,VOTE411,https://www.vote411.org/new-york
NY,New York,Voter registration by method,By mail (received),2026-10-24,,,,,,VOTE411,https://www.vote411.org/new-york
NY,New York,Voter registration by method,In person,2026-10-24,,,,,,VOTE411,https://www.vote411.org/new-york
NC,North Carolina,Election,"North Carolina Congressional, State and Judicial General Election",2026-11-03,,,,,,U.S. Vote Foundation,https://www.usvotefoundation.org/north-carolina-election-dates-and-deadlines
NC,North Carolina,Voter registration,In-Person Request by,2026-10-09,,,,"Fri Oct 9, 2026",Contact Local Election Office to confirm dates when in-person voter registration is available.,U.S. Vote Foundation,https://www.usvotefoundation.org/north-carolina-election-dates-and-deadlines
NC,North Carolina,Voter registration,Postmarked by,2026-10-09,,,,"Fri Oct 9, 2026",,U.S. Vote Foundation,https://www.usvotefoundation.org/north-carolina-election-dates-and-deadlines
NC,North Carolina,Voter registration,"Email, Online or Fax by",2026-10-09,,,5:00PM,"Fri Oct 9, 2026 5:00PM",Contact Local Election Office to confirm dates when voter registration by electronic submission will be accepted.,U.S. Vote Foundation,https://www.usvotefoundation.org/north-carolina-election-dates-and-deadlines
NC,North Carolina,Voter registration,Same Day Registration & Voting,,2026-10-15,2026-10-31,,"From Thu Oct 15, 2026 to Sat Oct 31, 2026",For those who become qualified to register and vote during this period,U.S. Vote Foundation,https://www.usvotefoundation.org/north-carolina-election-dates-and-deadlines
NC,North Carolina,Mail ballot request,Received by,2026-10-20,,,,"Tue Oct 20, 2026",,U.S. Vote Foundation,https://www.usvotefoundation.org/north-carolina-election-dates-and-deadlines
NC,North Carolina,Mail ballot request,Emergency Ballot Period,,2026-10-27,2026-11-02,,"From Tue Oct 27, 2026 to Mon Nov 2, 2026",,U.S. Vote Foundation,https://www.usvotefoundation.org/north-carolina-election-dates-and-deadlines
NC,North Carolina,Mail ballot return,"In-Person, Received by",2026-11-03,,,7:30PM,"Tue Nov 3, 2026 7:30PM","When returning the ballot , both inner and outer envelopes must be sealed for the vote to count. Also, only the voter, a near relative, or a legal guardian may return the ballot.",U.S. Vote Foundation,https://www.usvotefoundation.org/north-carolina-election-dates-and-deadlines
NC,North Carolina,Mail ballot return,Post Received by,2026-11-03,,,7:30PM,"Tue Nov 3, 2026 7:30PM","When returning the ballot both inner and outer envelopes must be sealed for the vote to count. Also, only the voter, a near relative, or a legal guardian may return the ballot.",U.S. Vote Foundation,https://www.usvotefoundation.org/north-carolina-election-dates-and-deadlines
NC,North Carolina,Early voting,Early Voting,,2026-10-15,2026-10-31,,"From Thu Oct 15, 2026 to Sat Oct 31, 2026",Early Voting ends at 3 PM on Saturday before election.,U.S. Vote Foundation,https://www.usvotefoundation.org/north-carolina-election-dates-and-deadlines
NC,North Carolina,Voter registration by method,Online,2026-10-09,,,,,,VOTE411,https://www.vote411.org/north-carolina
NC,North Carolina,Voter registration by method,By mail (postmarked),2026-10-09,,,,,,VOTE411,https://www.vote411.org/north-carolina
NC,North Carolina,Voter registration by method,In person,2026-10-09,,,,,,VOTE411,https://www.vote411.org/north-carolina
ND,North Dakota,Election,"North Dakota Congressional, State and Judicial General Election",2026-11-03,,,,,,U.S. Vote Foundation,https://www.usvotefoundation.org/north-dakota-election-dates-and-deadlines
ND,North Dakota,Voter registration,,,,,,Not Required,,U.S. Vote Foundation,https://www.usvotefoundation.org/north-dakota-election-dates-and-deadlines
ND,North Dakota,Mail ballot request,Submitted by,2026-11-02,,,,"Mon Nov 2, 2026",,U.S. Vote Foundation,https://www.usvotefoundation.org/north-dakota-election-dates-and-deadlines
ND,North Dakota,Mail ballot return,Received by,2026-11-03,,,,"Tue Nov 3, 2026",,U.S. Vote Foundation,https://www.usvotefoundation.org/north-dakota-election-dates-and-deadlines
ND,North Dakota,Early voting,Early Voting,,,,,Contact Local Election Office to Confirm Dates and Times,,U.S. Vote Foundation,https://www.usvotefoundation.org/north-dakota-election-dates-and-deadlines
ND,North Dakota,Voter registration by method,No registration required,,,,,,,VOTE411,https://www.vote411.org/north-dakota
OH,Ohio,Election,"Ohio Congressional, State, Gubernatorial and Judicial General Election",2026-11-03,,,,,,U.S. Vote Foundation,https://www.usvotefoundation.org/ohio-election-dates-and-deadlines
OH,Ohio,Voter registration,Postmarked by,2026-10-05,,,,"Mon Oct 5, 2026",,U.S. Vote Foundation,https://www.usvotefoundation.org/ohio-election-dates-and-deadlines
OH,Ohio,Voter registration,Received by,2026-10-05,,,,"Mon Oct 5, 2026",,U.S. Vote Foundation,https://www.usvotefoundation.org/ohio-election-dates-and-deadlines
OH,Ohio,Mail ballot request,Received by,2026-10-27,,,,"Tue Oct 27, 2026",,U.S. Vote Foundation,https://www.usvotefoundation.org/ohio-election-dates-and-deadlines
OH,Ohio,Mail ballot return,Post Received by,2026-11-03,,,7:30PM,"Tue Nov 3, 2026 7:30PM",,U.S. Vote Foundation,https://www.usvotefoundation.org/ohio-election-dates-and-deadlines
OH,Ohio,Mail ballot return,Received in Dropbox by,2026-11-03,,,7:30PM,"Tue Nov 3, 2026 7:30PM",,U.S. Vote Foundation,https://www.usvotefoundation.org/ohio-election-dates-and-deadlines
OH,Ohio,Early voting,In-person Absentee Voting,,2026-10-06,2026-11-01,,"From Tue Oct 6, 2026 to Sun Nov 1, 2026",until 5 PM on last Sunday.,U.S. Vote Foundation,https://www.usvotefoundation.org/ohio-election-dates-and-deadlines
OH,Ohio,Voter registration by method,Online,2026-10-05,,,,,,VOTE411,https://www.vote411.org/ohio
OH,Ohio,Voter registration by method,By mail (postmarked),2026-10-05,,,,,,VOTE411,https://www.vote411.org/ohio
OH,Ohio,Voter registration by method,In person,2026-10-05,,,,,,VOTE411,https://www.vote411.org/ohio
OK,Oklahoma,Election,"Oklahoma Congressional, State and Gubernatorial General Election",2026-11-03,,,,,,U.S. Vote Foundation,https://www.usvotefoundation.org/oklahoma-election-dates-and-deadlines
OK,Oklahoma,Voter registration,Received by,2026-10-09,,,,"Fri Oct 9, 2026",,U.S. Vote Foundation,https://www.usvotefoundation.org/oklahoma-election-dates-and-deadlines
OK,Oklahoma,Mail ballot request,Received by,2026-10-19,,,5:00PM,"Mon Oct 19, 2026 5:00PM",,U.S. Vote Foundation,https://www.usvotefoundation.org/oklahoma-election-dates-and-deadlines
OK,Oklahoma,Mail ballot return,Hand Delivered by,2026-11-02,,,5:00PM,"Mon Nov 2, 2026 5:00PM",,U.S. Vote Foundation,https://www.usvotefoundation.org/oklahoma-election-dates-and-deadlines
OK,Oklahoma,Mail ballot return,Received by,2026-11-03,,,7:00PM,"Tue Nov 3, 2026 7:00PM",,U.S. Vote Foundation,https://www.usvotefoundation.org/oklahoma-election-dates-and-deadlines
OK,Oklahoma,Early voting,In-person Absentee Voting,,2026-10-28,2026-10-31,,"From Wed Oct 28, 2026 to Sat Oct 31, 2026",,U.S. Vote Foundation,https://www.usvotefoundation.org/oklahoma-election-dates-and-deadlines
OK,Oklahoma,Voter registration by method,Online,2026-10-09,,,,,,VOTE411,https://www.vote411.org/oklahoma
OK,Oklahoma,Voter registration by method,By mail (postmarked),2026-10-09,,,,,,VOTE411,https://www.vote411.org/oklahoma
OK,Oklahoma,Voter registration by method,In person,2026-10-09,,,,,,VOTE411,https://www.vote411.org/oklahoma
OR,Oregon,Election,"Oregon Congressional, State, Gubernatorial and Judicial General Election",2026-11-03,,,,,,U.S. Vote Foundation,https://www.usvotefoundation.org/oregon-election-dates-and-deadlines
OR,Oregon,Voter registration,Submitted by,2026-10-13,,,,"Tue Oct 13, 2026",Oregon has automatic voter registration through DMV. Update info at Oregon Voter Registration Election office must receive registration at least 21 days before Election.,U.S. Vote Foundation,https://www.usvotefoundation.org/oregon-election-dates-and-deadlines
OR,Oregon,Mail ballot request,Submitted by,2026-10-29,,,,"Thu Oct 29, 2026",Every voter receives a ballot by mail. This deadline is only for voters who have a change to their registration information after the ballots have been mailed.,U.S. Vote Foundation,https://www.usvotefoundation.org/oregon-election-dates-and-deadlines
OR,Oregon,Mail ballot return,Received by,2026-11-03,,,8:00PM,"Tue Nov 3, 2026 8:00PM",,U.S. Vote Foundation,https://www.usvotefoundation.org/oregon-election-dates-and-deadlines
OR,Oregon,Mail ballot return,Received in Dropbox by,2026-11-03,,,8:00PM,"Tue Nov 3, 2026 8:00PM",,U.S. Vote Foundation,https://www.usvotefoundation.org/oregon-election-dates-and-deadlines
OR,Oregon,Mail ballot return,Postmarked On or Before Election Day and Received by,2026-11-10,,,,"Tue Nov 10, 2026",,U.S. Vote Foundation,https://www.usvotefoundation.org/oregon-election-dates-and-deadlines
OR,Oregon,Early voting,In-person Absentee Voting,,2026-10-14,2026-11-03,,"From Wed Oct 14, 2026 to Tue Nov 3, 2026",Confirm in-person absentee voting dates and locations with your local election office.,U.S. Vote Foundation,https://www.usvotefoundation.org/oregon-election-dates-and-deadlines
OR,Oregon,Voter registration by method,Online,2026-10-13,,,,,,VOTE411,https://www.vote411.org/oregon
OR,Oregon,Voter registration by method,By mail (postmarked),2026-10-13,,,,,,VOTE411,https://www.vote411.org/oregon
OR,Oregon,Voter registration by method,In person,2026-10-13,,,,,,VOTE411,https://www.vote411.org/oregon
PA,Pennsylvania,Election,"Pennsylvania Congressional, State and Gubernatorial General Election",2026-11-03,,,,,,U.S. Vote Foundation,https://www.usvotefoundation.org/pennsylvania-election-dates-and-deadlines
PA,Pennsylvania,Voter registration,Received by,2026-10-19,,,,"Mon Oct 19, 2026",,U.S. Vote Foundation,https://www.usvotefoundation.org/pennsylvania-election-dates-and-deadlines
PA,Pennsylvania,Mail ballot request,Received by,2026-10-27,,,5:00PM,"Tue Oct 27, 2026 5:00PM",,U.S. Vote Foundation,https://www.usvotefoundation.org/pennsylvania-election-dates-and-deadlines
PA,Pennsylvania,Mail ballot return,Received by,2026-11-03,,,8:00PM,"Tue Nov 3, 2026 8:00PM",,U.S. Vote Foundation,https://www.usvotefoundation.org/pennsylvania-election-dates-and-deadlines
PA,Pennsylvania,Early voting,In-person Absentee Voting,,2026-09-14,2026-10-27,,"From Mon Sep 14, 2026 to Tue Oct 27, 2026",Not all counties start on Sep 14. Contact your county election office to learn the dates and times for your county.,U.S. Vote Foundation,https://www.usvotefoundation.org/pennsylvania-election-dates-and-deadlines
PA,Pennsylvania,Voter registration by method,Online,2026-10-19,,,,,,VOTE411,https://www.vote411.org/pennsylvania
PA,Pennsylvania,Voter registration by method,By mail (received),2026-10-19,,,,,,VOTE411,https://www.vote411.org/pennsylvania
PA,Pennsylvania,Voter registration by method,In person,2026-10-19,,,,,,VOTE411,https://www.vote411.org/pennsylvania
RI,Rhode Island,Election,"Rhode Island Congressional, State and Gubernatorial General Election",2026-11-03,,,,,,U.S. Vote Foundation,https://www.usvotefoundation.org/rhode-island-election-dates-and-deadlines
RI,Rhode Island,Voter registration,Received by,2026-10-04,,,,"Sun Oct 4, 2026",,U.S. Vote Foundation,https://www.usvotefoundation.org/rhode-island-election-dates-and-deadlines
RI,Rhode Island,Mail ballot request,Received by,2026-10-13,,,4:00PM,"Tue Oct 13, 2026 4:00PM",,U.S. Vote Foundation,https://www.usvotefoundation.org/rhode-island-election-dates-and-deadlines
RI,Rhode Island,Mail ballot request,Emergency Ballot Period,,2026-10-14,2026-11-02,,"From Wed Oct 14, 2026 to Mon Nov 2, 2026",Voters unable to vote at polls due to illness or physical disability may request absentee ballot from 5 PM Tuesday before election until 4 PM the day before election. Contact your Local Election Office,U.S. Vote Foundation,https://www.usvotefoundation.org/rhode-island-election-dates-and-deadlines
RI,Rhode Island,Mail ballot return,Received by,2026-11-03,,,8:00PM,"Tue Nov 3, 2026 8:00PM",,U.S. Vote Foundation,https://www.usvotefoundation.org/rhode-island-election-dates-and-deadlines
RI,Rhode Island,Early voting,Early Voting,,2026-10-14,2026-11-02,,"From Wed Oct 14, 2026 to Mon Nov 2, 2026",,U.S. Vote Foundation,https://www.usvotefoundation.org/rhode-island-election-dates-and-deadlines
RI,Rhode Island,Voter registration by method,Online,2026-10-04,,,,,,VOTE411,https://www.vote411.org/rhode-island
RI,Rhode Island,Voter registration by method,By mail (postmarked),2026-10-04,,,,,,VOTE411,https://www.vote411.org/rhode-island
RI,Rhode Island,Voter registration by method,In person,2026-10-04,,,,,,VOTE411,https://www.vote411.org/rhode-island
SC,South Carolina,Election,"South Carolina Congressional, State and Gubernatorial General Election",2026-11-03,,,,,,U.S. Vote Foundation,https://www.usvotefoundation.org/south-carolina-election-dates-and-deadlines
SC,South Carolina,Voter registration,In-Person Request by,2026-10-02,,,,"Fri Oct 2, 2026",Deadline is Oct 4th if county board holds weekend hours for voter registration.,U.S. Vote Foundation,https://www.usvotefoundation.org/south-carolina-election-dates-and-deadlines
SC,South Carolina,Voter registration,"Email, Online or Fax by",2026-10-04,,,,"Sun Oct 4, 2026",,U.S. Vote Foundation,https://www.usvotefoundation.org/south-carolina-election-dates-and-deadlines
SC,South Carolina,Voter registration,Postmarked by,2026-10-05,,,,"Mon Oct 5, 2026",,U.S. Vote Foundation,https://www.usvotefoundation.org/south-carolina-election-dates-and-deadlines
SC,South Carolina,Mail ballot request,Received by,2026-10-23,,,5:00PM,"Fri Oct 23, 2026 5:00PM",,U.S. Vote Foundation,https://www.usvotefoundation.org/south-carolina-election-dates-and-deadlines
SC,South Carolina,Mail ballot request,Emergency Ballot Period,,2026-10-30,2026-11-03,,"From Fri Oct 30, 2026 to Tue Nov 3, 2026",Voters admitted to a hospital on or within 4 days before the election may request an Absentee Ballot. Contact your Local Election Office for details.,U.S. Vote Foundation,https://www.usvotefoundation.org/south-carolina-election-dates-and-deadlines
SC,South Carolina,Mail ballot return,Received by,2026-11-03,,,,"Tue Nov 3, 2026",,U.S. Vote Foundation,https://www.usvotefoundation.org/south-carolina-election-dates-and-deadlines
SC,South Carolina,Early voting,Early Voting,,2026-10-19,2026-10-31,,"From Mon Oct 19, 2026 to Sat Oct 31, 2026",Mon thru Sat 8:30 AM to 6 PM. Closed Sun Oct 25.,U.S. Vote Foundation,https://www.usvotefoundation.org/south-carolina-election-dates-and-deadlines
SC,South Carolina,Voter registration by method,Online,2026-10-04,,,,,,VOTE411,https://www.vote411.org/south-carolina
SC,South Carolina,Voter registration by method,By mail (postmarked),2026-10-05,,,,,,VOTE411,https://www.vote411.org/south-carolina
SC,South Carolina,Voter registration by method,In person,2026-10-02,,,,,,VOTE411,https://www.vote411.org/south-carolina
SD,South Dakota,Election,"South Dakota Congressional, State and Gubernatorial General Election",2026-11-03,,,,,,U.S. Vote Foundation,https://www.usvotefoundation.org/south-dakota-election-dates-and-deadlines
SD,South Dakota,Voter registration,Received by,2026-10-19,,,5:00PM,"Mon Oct 19, 2026 5:00PM",,U.S. Vote Foundation,https://www.usvotefoundation.org/south-dakota-election-dates-and-deadlines
SD,South Dakota,Mail ballot request,In-Person Request by,2026-11-02,,,5:00PM,"Mon Nov 2, 2026 5:00PM",,U.S. Vote Foundation,https://www.usvotefoundation.org/south-dakota-election-dates-and-deadlines
SD,South Dakota,Mail ballot request,Emergency Ballot Request by,2026-11-03,,,3:00PM,"Tue Nov 3, 2026 3:00PM",,U.S. Vote Foundation,https://www.usvotefoundation.org/south-dakota-election-dates-and-deadlines
SD,South Dakota,Mail ballot return,Received by,2026-11-03,,,7:00PM,"Tue Nov 3, 2026 7:00PM",,U.S. Vote Foundation,https://www.usvotefoundation.org/south-dakota-election-dates-and-deadlines
SD,South Dakota,Early voting,In-person Absentee Voting,,2026-09-18,2026-11-02,,"From Fri Sep 18, 2026 to Mon Nov 2, 2026",,U.S. Vote Foundation,https://www.usvotefoundation.org/south-dakota-election-dates-and-deadlines
SD,South Dakota,Voter registration by method,By mail (received),2026-10-19,,,,,,VOTE411,https://www.vote411.org/south-dakota
SD,South Dakota,Voter registration by method,In person,2026-10-19,,,,,,VOTE411,https://www.vote411.org/south-dakota
TN,Tennessee,Election,"Tennessee Congressional, State and Gubernatorial General Election",2026-11-03,,,,,,U.S. Vote Foundation,https://www.usvotefoundation.org/tennessee-election-dates-and-deadlines
TN,Tennessee,Voter registration,Hand Delivered by,2026-10-05,,,,"Mon Oct 5, 2026",,U.S. Vote Foundation,https://www.usvotefoundation.org/tennessee-election-dates-and-deadlines
TN,Tennessee,Voter registration,Online by,2026-10-05,,,,"Mon Oct 5, 2026",,U.S. Vote Foundation,https://www.usvotefoundation.org/tennessee-election-dates-and-deadlines
TN,Tennessee,Voter registration,Postmarked by,2026-10-05,,,,"Mon Oct 5, 2026",,U.S. Vote Foundation,https://www.usvotefoundation.org/tennessee-election-dates-and-deadlines
TN,Tennessee,Mail ballot request,Submitted by,2026-10-24,,,,"Sat Oct 24, 2026",,U.S. Vote Foundation,https://www.usvotefoundation.org/tennessee-election-dates-and-deadlines
TN,Tennessee,Mail ballot return,Received by,2026-11-03,,,7:00PM,"Tue Nov 3, 2026 7:00PM",,U.S. Vote Foundation,https://www.usvotefoundation.org/tennessee-election-dates-and-deadlines
TN,Tennessee,Early voting,Early Voting,,2026-10-14,2026-10-29,,"From Wed Oct 14, 2026 to Thu Oct 29, 2026",,U.S. Vote Foundation,https://www.usvotefoundation.org/tennessee-election-dates-and-deadlines
TN,Tennessee,Voter registration by method,Online,2026-10-05,,,,,,VOTE411,https://www.vote411.org/tennessee
TN,Tennessee,Voter registration by method,By mail (postmarked),2026-10-05,,,,,,VOTE411,https://www.vote411.org/tennessee
TN,Tennessee,Voter registration by method,In person,2026-10-05,,,,,,VOTE411,https://www.vote411.org/tennessee
TX,Texas,Election,"Texas Congressional, State, Gubernatorial and Judicial General Election",2026-11-03,,,,,,U.S. Vote Foundation,https://www.usvotefoundation.org/texas-election-dates-and-deadlines
TX,Texas,Voter registration,Submitted by,2026-10-05,,,,"Mon Oct 5, 2026",,U.S. Vote Foundation,https://www.usvotefoundation.org/texas-election-dates-and-deadlines
TX,Texas,Mail ballot request,Received by,2026-10-23,,,,"Fri Oct 23, 2026",,U.S. Vote Foundation,https://www.usvotefoundation.org/texas-election-dates-and-deadlines
TX,Texas,Mail ballot return,"In-Person, Received by",2026-11-03,,,7:00PM,"Tue Nov 3, 2026 7:00PM",,U.S. Vote Foundation,https://www.usvotefoundation.org/texas-election-dates-and-deadlines
TX,Texas,Mail ballot return,Postmarked On or Before Election Day and Received by,2026-11-04,,,5:00PM,"Wed Nov 4, 2026 5:00PM",,U.S. Vote Foundation,https://www.usvotefoundation.org/texas-election-dates-and-deadlines
TX,Texas,Early voting,Early Voting,,2026-10-19,2026-10-30,,"From Mon Oct 19, 2026 to Fri Oct 30, 2026",,U.S. Vote Foundation,https://www.usvotefoundation.org/texas-election-dates-and-deadlines
TX,Texas,Voter registration by method,By mail (postmarked),2026-10-05,,,,,,VOTE411,https://www.vote411.org/texas
TX,Texas,Voter registration by method,In person,2026-10-05,,,,,,VOTE411,https://www.vote411.org/texas
UT,Utah,Election,Utah Congressional and State General Election,2026-11-03,,,,,,U.S. Vote Foundation,https://www.usvotefoundation.org/utah-election-dates-and-deadlines
UT,Utah,Voter registration,Received by,2026-10-23,,,5:00PM,"Fri Oct 23, 2026 5:00PM",,U.S. Vote Foundation,https://www.usvotefoundation.org/utah-election-dates-and-deadlines
UT,Utah,Voter registration,Election Day Registration & Voting,2026-11-03,,,,"Tue Nov 3, 2026",You may be able to register on Election Day and vote using a provisional ballot. Contact your local election official to confirm.,U.S. Vote Foundation,https://www.usvotefoundation.org/utah-election-dates-and-deadlines
UT,Utah,Voter registration,Same Day Registration & Voting,,2026-10-20,2026-10-30,,"From Tue Oct 20, 2026 to Fri Oct 30, 2026",Contact your local election office to confirm the dates times and locations of Same Day Registration and Early Voting,U.S. Vote Foundation,https://www.usvotefoundation.org/utah-election-dates-and-deadlines
UT,Utah,Mail ballot request,,2026-10-27,,,,"Last Day to Request Replacement Ballot Tue Oct 27, 2026",Ballots are automatically sent to registered voters. at the address on their voter registration. Absentee ballot request deadline is only for those who need their ballot mailed to a different address.,U.S. Vote Foundation,https://www.usvotefoundation.org/utah-election-dates-and-deadlines
UT,Utah,Mail ballot return,Post Received by,2026-11-03,,,8:00PM,"Tue Nov 3, 2026 8:00PM",,U.S. Vote Foundation,https://www.usvotefoundation.org/utah-election-dates-and-deadlines
UT,Utah,Mail ballot return,Received in Dropbox by,2026-11-03,,,8:00PM,"Tue Nov 3, 2026 8:00PM",,U.S. Vote Foundation,https://www.usvotefoundation.org/utah-election-dates-and-deadlines
UT,Utah,Early voting,Early Voting,,2026-10-20,2026-10-30,,"From Tue Oct 20, 2026 to Fri Oct 30, 2026",Contact your local election office to confirm the dates times and locations of Early Voting.,U.S. Vote Foundation,https://www.usvotefoundation.org/utah-election-dates-and-deadlines
UT,Utah,Voter registration by method,Online,2026-10-23,,,,,,VOTE411,https://www.vote411.org/utah
UT,Utah,Voter registration by method,By mail (received),2026-10-23,,,,,,VOTE411,https://www.vote411.org/utah
UT,Utah,Voter registration by method,In person,2026-11-03,,,,,,VOTE411,https://www.vote411.org/utah
VT,Vermont,Election,"Vermont Congressional, State and Gubernatorial General Election",2026-11-03,,,,,,U.S. Vote Foundation,https://www.usvotefoundation.org/vermont-election-dates-and-deadlines
VT,Vermont,Voter registration,Submitted by,2026-11-02,,,5:00PM,"Mon Nov 2, 2026 5:00PM",,U.S. Vote Foundation,https://www.usvotefoundation.org/vermont-election-dates-and-deadlines
VT,Vermont,Voter registration,Election Day Registration & Voting,2026-11-03,,,7:00PM,"Tue Nov 3, 2026 7:00PM",,U.S. Vote Foundation,https://www.usvotefoundation.org/vermont-election-dates-and-deadlines
VT,Vermont,Mail ballot request,Received by,2026-11-02,,,5:00PM,"Mon Nov 2, 2026 5:00PM",Absentee ballots will be automatically mailed to all active registered voters.,U.S. Vote Foundation,https://www.usvotefoundation.org/vermont-election-dates-and-deadlines
VT,Vermont,Mail ballot request,Emergency Ballot Request by,2026-11-03,,,,"Tue Nov 3, 2026","In cases of emergency, the town clerk may accept a request for an absentee ballot after the Absentee Request deadline. Contact your Local Election Office for details.",U.S. Vote Foundation,https://www.usvotefoundation.org/vermont-election-dates-and-deadlines
VT,Vermont,Mail ballot return,In the Election Office by,2026-11-02,,,,"Mon Nov 2, 2026",,U.S. Vote Foundation,https://www.usvotefoundation.org/vermont-election-dates-and-deadlines
VT,Vermont,Mail ballot return,Received in Dropbox by,2026-11-02,,,5:00PM,"Mon Nov 2, 2026 5:00PM",,U.S. Vote Foundation,https://www.usvotefoundation.org/vermont-election-dates-and-deadlines
VT,Vermont,Mail ballot return,Hand Delivered by,2026-11-03,,,7:00PM,"Tue Nov 3, 2026 7:00PM",Hand deliver ballot to polling place,U.S. Vote Foundation,https://www.usvotefoundation.org/vermont-election-dates-and-deadlines
VT,Vermont,Mail ballot return,Post Received by,2026-11-03,,,7:00PM,"Tue Nov 3, 2026 7:00PM",,U.S. Vote Foundation,https://www.usvotefoundation.org/vermont-election-dates-and-deadlines
VT,Vermont,Early voting,Early Voting,,2026-09-19,2026-11-03,,"From Sat Sep 19, 2026 to Tue Nov 3, 2026",Contact your local election official to confirm dates and locations.,U.S. Vote Foundation,https://www.usvotefoundation.org/vermont-election-dates-and-deadlines
VT,Vermont,Voter registration by method,Online,2026-11-03,,,,,,VOTE411,https://www.vote411.org/vermont
VT,Vermont,Voter registration by method,By mail (received),2026-11-03,,,,,,VOTE411,https://www.vote411.org/vermont
VT,Vermont,Voter registration by method,In person,2026-11-03,,,,,,VOTE411,https://www.vote411.org/vermont
VA,Virginia,Election,Virginia Congressional General Election,2026-11-03,,,,,,U.S. Vote Foundation,https://www.usvotefoundation.org/virginia-election-dates-and-deadlines
VA,Virginia,Voter registration,Submitted by,2026-10-23,,,,"Fri Oct 23, 2026","After the registration deadline date, voters may register and vote in person using a provisional ballot through election day.",U.S. Vote Foundation,https://www.usvotefoundation.org/virginia-election-dates-and-deadlines
VA,Virginia,Voter registration,Same Day Registration & Voting,,2026-10-24,2026-11-03,,"From Sat Oct 24, 2026 to Tue Nov 3, 2026",Voters may register and vote using a provisional ballot in-person.,U.S. Vote Foundation,https://www.usvotefoundation.org/virginia-election-dates-and-deadlines
VA,Virginia,Mail ballot request,Received by,2026-10-23,,,5:00PM,"Fri Oct 23, 2026 5:00PM",,U.S. Vote Foundation,https://www.usvotefoundation.org/virginia-election-dates-and-deadlines
VA,Virginia,Mail ballot request,Emergency Ballot Request by,2026-11-02,,,2:00PM,"Mon Nov 2, 2026 2:00PM","Due to unexpected obligation that arose after noon on Saturday, Oct 31. You must apply and vote in person by Nov 2, at 2 PM.",U.S. Vote Foundation,https://www.usvotefoundation.org/virginia-election-dates-and-deadlines
VA,Virginia,Mail ballot request,Emergency Ballot Request by,2026-11-02,,,2:00PM,"Mon Nov 2, 2026 2:00PM","Due to hospitalization, illness or other emergency",U.S. Vote Foundation,https://www.usvotefoundation.org/virginia-election-dates-and-deadlines
VA,Virginia,Mail ballot return,Received by,2026-11-03,,,7:00PM,"Tue Nov 3, 2026 7:00PM",,U.S. Vote Foundation,https://www.usvotefoundation.org/virginia-election-dates-and-deadlines
VA,Virginia,Mail ballot return,Postmarked On or Before Election Day and Received by,2026-11-06,,,12:00PM,"Fri Nov 6, 2026 12:00PM",,U.S. Vote Foundation,https://www.usvotefoundation.org/virginia-election-dates-and-deadlines
VA,Virginia,Early voting,In-person Absentee Voting,,2026-09-18,2026-10-31,,"From Fri Sep 18, 2026 to Sat Oct 31, 2026","Also referred to in Virginia as In-person Early Voting. Voter registration offices will be open for early voting on Sun Oct 17, Sat Oct 24, and Sun Oct 25.",U.S. Vote Foundation,https://www.usvotefoundation.org/virginia-election-dates-and-deadlines
VA,Virginia,Voter registration by method,Online,2026-10-23,,,,,,VOTE411,https://www.vote411.org/virginia
VA,Virginia,Voter registration by method,By mail (postmarked),2026-10-23,,,,,,VOTE411,https://www.vote411.org/virginia
VA,Virginia,Voter registration by method,In person,2026-11-03,,,,,,VOTE411,https://www.vote411.org/virginia
WA,Washington,Election,"Washington Congressional, State and Judicial General Election",2026-11-03,,,,,,U.S. Vote Foundation,https://www.usvotefoundation.org/washington-election-dates-and-deadlines
WA,Washington,Voter registration,Post Received by,2026-10-26,,,,"Mon Oct 26, 2026",,U.S. Vote Foundation,https://www.usvotefoundation.org/washington-election-dates-and-deadlines
WA,Washington,Voter registration,"Email, Online or Fax by",2026-10-26,,,11:59PM,"Mon Oct 26, 2026 11:59PM",,U.S. Vote Foundation,https://www.usvotefoundation.org/washington-election-dates-and-deadlines
WA,Washington,Voter registration,"In-Person, Received by",2026-11-03,,,8:00PM,"Tue Nov 3, 2026 8:00PM",,U.S. Vote Foundation,https://www.usvotefoundation.org/washington-election-dates-and-deadlines
WA,Washington,Voter registration,Same Day Registration & Voting,,2026-10-16,2026-11-03,,"From Fri Oct 16, 2026 to Tue Nov 3, 2026",,U.S. Vote Foundation,https://www.usvotefoundation.org/washington-election-dates-and-deadlines
WA,Washington,Mail ballot request,,2026-10-26,,,,"Last Day to Request Replacement Ballot Mon Oct 26, 2026",Ballots automatically mailed to registered voters. Voter registration updates returned by mail/email for voters already registered must be received by 8 days before Election Day or completed in person at a county elections office through Election Day.,U.S. Vote Foundation,https://www.usvotefoundation.org/washington-election-dates-and-deadlines
WA,Washington,Mail ballot return,In the Election Office by,2026-11-03,,,8:00PM,"Tue Nov 3, 2026 8:00PM",,U.S. Vote Foundation,https://www.usvotefoundation.org/washington-election-dates-and-deadlines
WA,Washington,Mail ballot return,Postmarked On or Before Election Day and Received by,2026-11-23,,,,"Mon Nov 23, 2026",,U.S. Vote Foundation,https://www.usvotefoundation.org/washington-election-dates-and-deadlines
WA,Washington,Early voting,Early Voting,,2026-10-16,2026-11-03,,"From Fri Oct 16, 2026 to Tue Nov 3, 2026",,U.S. Vote Foundation,https://www.usvotefoundation.org/washington-election-dates-and-deadlines
WA,Washington,Voter registration by method,Online,2026-10-26,,,,,,VOTE411,https://www.vote411.org/washington
WA,Washington,Voter registration by method,By mail (received),2026-10-26,,,,,,VOTE411,https://www.vote411.org/washington
WA,Washington,Voter registration by method,In person,2026-11-03,,,,,,VOTE411,https://www.vote411.org/washington
WV,West Virginia,Election,West Virginia Congressional and State General Election,2026-11-03,,,,,,U.S. Vote Foundation,https://www.usvotefoundation.org/west-virginia-election-dates-and-deadlines
WV,West Virginia,Voter registration,At DMV and other State Agencies by,2026-10-13,,,,"Tue Oct 13, 2026",,U.S. Vote Foundation,https://www.usvotefoundation.org/west-virginia-election-dates-and-deadlines
WV,West Virginia,Voter registration,"Email, Online or Fax by",2026-10-13,,,,"Tue Oct 13, 2026",,U.S. Vote Foundation,https://www.usvotefoundation.org/west-virginia-election-dates-and-deadlines
WV,West Virginia,Voter registration,In-Person Request by,2026-10-13,,,,"Tue Oct 13, 2026",,U.S. Vote Foundation,https://www.usvotefoundation.org/west-virginia-election-dates-and-deadlines
WV,West Virginia,Voter registration,Postmarked by,2026-10-13,,,,"Tue Oct 13, 2026",,U.S. Vote Foundation,https://www.usvotefoundation.org/west-virginia-election-dates-and-deadlines
WV,West Virginia,Mail ballot request,Submitted by,2026-10-28,,,,"Wed Oct 28, 2026",,U.S. Vote Foundation,https://www.usvotefoundation.org/west-virginia-election-dates-and-deadlines
WV,West Virginia,Mail ballot request,Emergency Ballot Period,,2026-10-27,2026-11-03,,"From Tue Oct 27, 2026 to Tue Nov 3, 2026",Ends at noon on Election Day,U.S. Vote Foundation,https://www.usvotefoundation.org/west-virginia-election-dates-and-deadlines
WV,West Virginia,Mail ballot return,Hand Delivered by,2026-11-02,,,,"Mon Nov 2, 2026",,U.S. Vote Foundation,https://www.usvotefoundation.org/west-virginia-election-dates-and-deadlines
WV,West Virginia,Mail ballot return,Post Received by,2026-11-04,,,,"Wed Nov 4, 2026",For Absentee Ballots received without a postmark,U.S. Vote Foundation,https://www.usvotefoundation.org/west-virginia-election-dates-and-deadlines
WV,West Virginia,Mail ballot return,Postmarked On or Before Election Day and Received by,2026-11-09,,,,"Mon Nov 9, 2026",,U.S. Vote Foundation,https://www.usvotefoundation.org/west-virginia-election-dates-and-deadlines
WV,West Virginia,Early voting,Early Voting,,2026-10-21,2026-10-31,,"From Wed Oct 21, 2026 to Sat Oct 31, 2026",,U.S. Vote Foundation,https://www.usvotefoundation.org/west-virginia-election-dates-and-deadlines
WV,West Virginia,Voter registration by method,Online,2026-10-13,,,,,,VOTE411,https://www.vote411.org/west-virginia
WV,West Virginia,Voter registration by method,By mail (postmarked),2026-10-13,,,,,,VOTE411,https://www.vote411.org/west-virginia
WV,West Virginia,Voter registration by method,In person,2026-10-13,,,,,,VOTE411,https://www.vote411.org/west-virginia
WI,Wisconsin,Election,"Wisconsin Congressional, State and Gubernatorial General Election",2026-11-03,,,,,,U.S. Vote Foundation,https://www.usvotefoundation.org/wisconsin-election-dates-and-deadlines
WI,Wisconsin,Voter registration,Postmarked by,2026-10-14,,,,"Wed Oct 14, 2026",,U.S. Vote Foundation,https://www.usvotefoundation.org/wisconsin-election-dates-and-deadlines
WI,Wisconsin,Voter registration,Online by,2026-10-14,,,11:59PM,"Wed Oct 14, 2026 11:59PM",,U.S. Vote Foundation,https://www.usvotefoundation.org/wisconsin-election-dates-and-deadlines
WI,Wisconsin,Voter registration,In-Person Request by,2026-10-30,,,5:00PM,"Fri Oct 30, 2026 5:00PM",,U.S. Vote Foundation,https://www.usvotefoundation.org/wisconsin-election-dates-and-deadlines
WI,Wisconsin,Voter registration,Election Day Registration & Voting,2026-11-03,,,,"Tue Nov 3, 2026",,U.S. Vote Foundation,https://www.usvotefoundation.org/wisconsin-election-dates-and-deadlines
WI,Wisconsin,Voter registration,Same Day Registration & Voting,,2026-10-20,2026-10-30,,"From Tue Oct 20, 2026 to Fri Oct 30, 2026",,U.S. Vote Foundation,https://www.usvotefoundation.org/wisconsin-election-dates-and-deadlines
WI,Wisconsin,Mail ballot request,"Email, Online or Fax by",2026-10-29,,,,"Thu Oct 29, 2026",,U.S. Vote Foundation,https://www.usvotefoundation.org/wisconsin-election-dates-and-deadlines
WI,Wisconsin,Mail ballot request,Post Received by,2026-10-29,,,5:00PM,"Thu Oct 29, 2026 5:00PM",,U.S. Vote Foundation,https://www.usvotefoundation.org/wisconsin-election-dates-and-deadlines
WI,Wisconsin,Mail ballot request,In-Person Request by,2026-11-01,,,,"Sun Nov 1, 2026","In person ballot request cannot be made earlier than 14 days before election day. Contact your Local Election Office to confirm the dates, times and locations you may make an in-person ballot request.",U.S. Vote Foundation,https://www.usvotefoundation.org/wisconsin-election-dates-and-deadlines
WI,Wisconsin,Mail ballot request,Emergency Ballot Period,,2026-10-27,2026-11-03,,"From Tue Oct 27, 2026 to Tue Nov 3, 2026",Voters who are hospitalized may request an Absentee Ballot from 7 days before an election but not later than 5 PM on Election Day. Contact your Local Election Office for details.,U.S. Vote Foundation,https://www.usvotefoundation.org/wisconsin-election-dates-and-deadlines
WI,Wisconsin,Mail ballot return,Received by,2026-11-03,,,8:00PM,"Tue Nov 3, 2026 8:00PM",,U.S. Vote Foundation,https://www.usvotefoundation.org/wisconsin-election-dates-and-deadlines
WI,Wisconsin,Early voting,In-person Absentee Voting,,2026-10-20,2026-11-01,,"From Tue Oct 20, 2026 to Sun Nov 1, 2026",,U.S. Vote Foundation,https://www.usvotefoundation.org/wisconsin-election-dates-and-deadlines
WI,Wisconsin,Voter registration by method,Online,2026-10-14,,,,,,VOTE411,https://www.vote411.org/wisconsin
WI,Wisconsin,Voter registration by method,By mail (postmarked),2026-10-14,,,,,,VOTE411,https://www.vote411.org/wisconsin
WI,Wisconsin,Voter registration by method,In person,2026-11-03,,,,,,VOTE411,https://www.vote411.org/wisconsin
WY,Wyoming,Election,"Wyoming Congressional, State and Gubernatorial General Election",2026-11-03,,,,,,U.S. Vote Foundation,https://www.usvotefoundation.org/wyoming-election-dates-and-deadlines
WY,Wyoming,Voter registration,Submitted by,2026-10-19,,,,"Mon Oct 19, 2026",,U.S. Vote Foundation,https://www.usvotefoundation.org/wyoming-election-dates-and-deadlines
WY,Wyoming,Voter registration,Election Day Registration & Voting,2026-11-03,,,7:00PM,"Tue Nov 3, 2026 7:00PM",,U.S. Vote Foundation,https://www.usvotefoundation.org/wyoming-election-dates-and-deadlines
WY,Wyoming,Voter registration,Same Day Registration & Voting,,2026-10-06,2026-11-02,,"From Tue Oct 6, 2026 to Mon Nov 2, 2026",,U.S. Vote Foundation,https://www.usvotefoundation.org/wyoming-election-dates-and-deadlines
WY,Wyoming,Mail ballot request,Submitted by,2026-11-02,,,,"Mon Nov 2, 2026",,U.S. Vote Foundation,https://www.usvotefoundation.org/wyoming-election-dates-and-deadlines
WY,Wyoming,Mail ballot return,Received by,2026-11-03,,,7:00PM,"Tue Nov 3, 2026 7:00PM",,U.S. Vote Foundation,https://www.usvotefoundation.org/wyoming-election-dates-and-deadlines
WY,Wyoming,Early voting,In-person Absentee Voting,,2026-10-06,2026-11-02,,"From Tue Oct 6, 2026 to Mon Nov 2, 2026",,U.S. Vote Foundation,https://www.usvotefoundation.org/wyoming-election-dates-and-deadlines
WY,Wyoming,Voter registration by method,By mail (received),2026-10-19,,,,,,VOTE411,https://www.vote411.org/wyoming
WY,Wyoming,Voter registration by method,In person,2026-11-03,,,,,,VOTE411,https://www.vote411.org/wyoming
